{
  "boundary_psnr": 22.946998892597563,
  "boundary_weight": 2.0,
  "decision": "KEEP",
  "decision_reason": "best fixed PSNR and mask PSNR; LPIPS/Ewarp slightly worse than Exp11-S1 but within first-wave gate tolerance",
  "delta_boundary_psnr_vs_exp11_s1": 0.011489677159786993,
  "delta_ewarp_vs_exp11_s1": 0.037781275829690486,
  "delta_lpips_vs_exp11_s1": 9.494440261429912e-05,
  "delta_mask_psnr_vs_exp11_s1": 0.05701179947949697,
  "delta_psnr_vs_exp11_s1": 0.05701179947949697,
  "delta_psnr_vs_sft": 0.2172168681449378,
  "delta_ssim_vs_exp11_s1": 0.0006425992203751285,
  "desc": "fixed image radius 16 b2.0",
  "diag_last_step": 100,
  "eval_dir": "/mnt/nas/hj/H20_Video_inpainting_DPO/experiments/dpo/exp20_autoresearch_scale_adaptive_region_dpo/trials/P4_36f2d28a195fbf4b/eval_dev/P4",
  "ewarp": 11.994790353326053,
  "hash": "36f2d28a195fbf4b",
  "last_loser_degrade_ratio": 1.0,
  "lpips": 0.018197778345590148,
  "mask_psnr": 17.085241720428115,
  "max_grad_norm": 10.108538435033218,
  "mean_loser_degrade_ratio": 0.9090909090909091,
  "psnr": 29.390553012940543,
  "radius_mode": "fixed_image_px",
  "radius_value": 16,
  "ssim": 0.9690742585563359,
  "train_steps": 104,
  "trial_dir": "/mnt/nas/hj/H20_Video_inpainting_DPO/experiments/dpo/exp20_autoresearch_scale_adaptive_region_dpo/trials/P4_36f2d28a195fbf4b",
  "trial_id": "P4"
}
