mode,videos,psnr_mean,ssim_mean,strict_mask_psnr_mean,boundary_psnr_mean,lpips_mean,ewarp_mean,psnr_delta_vs_exp11_mean,ewarp_delta_vs_exp11_mean,lpips_delta_vs_exp11_mean
real,5,32.44147030864732,0.9780429423845762,20.319936179525335,25.54249604692867,0.013146562767603124,10.1686987924673,0.00035483671134457496,-0.00012429309603918527,-2.4523702450100077e-06
zero,5,32.44101681885168,0.9780406522352262,20.319482689729693,25.542393028353363,0.013148385614234332,10.16890347894767,-9.865308429937158e-05,8.039338433203369e-05,-6.295236138011833e-07
shuffled,5,32.44099417764441,0.9780400749766904,20.319460048522423,25.542507006124502,0.013147999435508002,10.168946475681404,-0.00012129429156360061,0.0001233901180653696,-1.0157023401315829e-06
reversed,5,32.44107895397242,0.9780403738405614,20.319544824850432,25.542553345945894,0.013149228216692186,10.168816934785118,-3.6517963552995526e-05,-6.150778220881392e-06,2.1307884405033505e-07
disabled,5,32.44111547193597,0.9780412962946748,20.31958134281399,25.542513244207296,0.013149015137848132,10.168823085563336,0.0,0.0,0.0
