{
  "num_diag_rows": 51,
  "first_step": "1",
  "last_step": "500",
  "stats": {
    "total_loss": {
      "mean": 0.6983312695634132,
      "min": 0.6906893849372864,
      "max": 0.7116883993148804,
      "last": 0.6954102516174316
    },
    "dpo_loss": {
      "mean": 0.6930761535962423,
      "min": 0.6900849342346191,
      "max": 0.6955240964889526,
      "last": 0.6942715048789978
    },
    "m_w": {
      "mean": 0.09628732529167525,
      "min": 0.0011360158678144217,
      "max": 0.3497430682182312,
      "last": 0.007098835427314043
    },
    "m_l": {
      "mean": 0.10891192930969684,
      "min": 0.0008776858448982239,
      "max": 0.5614457130432129,
      "last": 0.006051069125533104
    },
    "m_w_ref": {
      "mean": 0.09628866620215715,
      "min": 0.001136211445555091,
      "max": 0.34966129064559937,
      "last": 0.007095743902027607
    },
    "m_l_ref": {
      "mean": 0.10891591194405348,
      "min": 0.000878320075571537,
      "max": 0.5616037845611572,
      "last": 0.006053125485777855
    },
    "norm_win_gap": {
      "mean": -6.833131206518624e-06,
      "min": -0.001007493818178773,
      "max": 0.0010951245203614235,
      "last": 0.0003635225584730506
    },
    "norm_lose_gap": {
      "mean": 9.673180879783068e-05,
      "min": -0.0007099979557096958,
      "max": 0.0014627913478761911,
      "last": -0.0003316965012345463
    },
    "winner_abs_reg": {
      "mean": 0.09628732529167525,
      "min": 0.0011360158678144217,
      "max": 0.3497430682182312,
      "last": 0.007098835427314043
    },
    "winner_gap_reg": {
      "mean": 0.0004407524892503359,
      "min": 0.0,
      "max": 0.0014202621532604098,
      "last": 0.000783829833380878
    },
    "loser_dominant_ratio": {
      "mean": 0.17647058823529413,
      "min": 0.0,
      "max": 1.0,
      "last": 0.0
    },
    "adapter_grad_norm": {
      "mean": 0.000468085377132793,
      "min": 5.811268106048506e-05,
      "max": 0.0019041724539024282,
      "last": 0.0007926018615558647
    },
    "base_grad_norm": {
      "mean": 0.0,
      "min": 0.0,
      "max": 0.0,
      "last": 0.0
    },
    "adapter_residual_norm": {
      "mean": 0.06446065287651864,
      "min": 0.0,
      "max": 0.21669013053178787,
      "last": 0.09794910869095474
    },
    "gate_mean": {
      "mean": 0.006661446109943676,
      "min": 0.0011117933318018913,
      "max": 0.01835424266755581,
      "last": 0.009105510078370571
    },
    "nonzero_gate_ratio": {
      "mean": 0.022934174703835856,
      "min": 0.004464285913854837,
      "max": 0.0591517873108387,
      "last": 0.02343750186264515
    },
    "flow_conf_mean": {
      "mean": 0.4699125094156639,
      "min": 0.08496865630149841,
      "max": 0.6818044185638428,
      "last": 0.4571586847305298
    },
    "valid_flow_ratio": {
      "mean": 0.6021734961107665,
      "min": 0.18382282555103302,
      "max": 0.7374415397644043,
      "last": 0.6508234739303589
    },
    "mean_flow_magnitude": {
      "mean": 8.371270545557433,
      "min": 0.07844099402427673,
      "max": 46.594329833984375,
      "last": 11.890774726867676
    }
  }
}