model_label,rows,frames_mean,frames_median,whole_video_psnr_mean,whole_video_psnr_median,whole_video_ssim_mean,whole_video_ssim_median,mask_region_psnr_mean,mask_region_psnr_median,mask_region_ssim_mean,mask_region_ssim_median,mask_bbox_psnr_mean,mask_bbox_psnr_median,mask_bbox_ssim_mean,mask_bbox_ssim_median,strict_mask_pixel_psnr_mean,strict_mask_pixel_psnr_median,boundary_pixel_psnr_mean,boundary_pixel_psnr_median,outside_diff_mean_mean,outside_diff_mean_median,outside_diff_max_mean,outside_diff_max_median,outside_region_diff_mean_mean,outside_region_diff_mean_median,result_dir
SFT48000_baseline,10,24.0,24.0,29.819263764400194,30.014328987301294,0.9625172520473292,0.9659933053325731,21.30162909540332,21.593001181613154,0.7380302481631633,0.7489669626798673,21.30162909540332,21.593001181613154,0.7380302481631633,0.7489669626798673,18.289356106668084,19.067810835334797,24.292559248843183,24.835474972846022,0.0,0.0,0.0,0.0,0.0,0.0,/mnt/nas/hj/H20_Video_inpainting_DPO/logs/target_eval/exp16_stage1_500_visual_sanity_davis10/SFT48000_baseline
Exp11_boundary_outer_b075_S2,10,24.0,24.0,30.173558426667874,30.34666737398767,0.9643666570198546,0.9622909338788996,21.655923757671,21.760949976755178,0.7512689892396597,0.7387767014701813,21.655923757671,21.760949976755178,0.7512689892396597,0.7387767014701813,18.643650768935764,19.235759630476817,24.590687124566507,25.285985644538567,0.0,0.0,0.0,0.0,0.0,0.0,/mnt/nas/hj/H20_Video_inpainting_DPO/logs/target_eval/exp16_stage1_500_visual_sanity_davis10/Exp11_boundary_outer_b075_S2
Exp16_stage1_500_limit100,10,24.0,24.0,29.94603749049342,29.42666308971028,0.9641790040646988,0.9602623296382682,21.428402821496555,21.983366195860533,0.7562467719887049,0.7393053567721487,21.428402821496555,21.983366195860533,0.7562467719887049,0.7393053567721487,18.416129832761307,19.458175849582172,24.527991261584432,25.409127919997715,0.0,0.0,0.0,0.0,0.0,0.0,/mnt/nas/hj/H20_Video_inpainting_DPO/logs/target_eval/exp16_stage1_500_visual_sanity_davis10/Exp16_stage1_500_limit100
