model_label,rows,frames_mean,frames_median,whole_video_psnr_mean,whole_video_psnr_median,whole_video_ssim_mean,whole_video_ssim_median,mask_region_psnr_mean,mask_region_psnr_median,mask_region_ssim_mean,mask_region_ssim_median,strict_mask_pixel_psnr_mean,strict_mask_pixel_psnr_median,boundary_pixel_psnr_mean,boundary_pixel_psnr_median,outside_diff_mean_mean,outside_diff_mean_median,outside_diff_max_mean,outside_diff_max_median,whole_video_lpips_mean,whole_video_lpips_median,ewarp_mean,ewarp_median,flow_conf_mean_mean,flow_conf_mean_median,valid_flow_ratio_mean,valid_flow_ratio_median,mean_flow_magnitude_mean,mean_flow_magnitude_median,gate_mean_mean,gate_mean_median,gate_p10_mean,gate_p10_median,gate_p50_mean,gate_p50_median,gate_p90_mean,gate_p90_median,nonzero_gate_ratio_mean,nonzero_gate_ratio_median
SFT48000_baseline,10,24.0,24.0,29.61810023119536,29.428577030135095,0.9619858953799515,0.9571280192750266,21.058615327678798,21.0295153040746,0.7652356700883215,0.7561513868832777,18.320316142719626,19.182775637828776,24.273527335014574,24.519623869978176,0.0,0.0,0.0,0.0,0.02203534425061662,0.02266627065061281,8.372404076078016,5.366005808236482,,,,,,,,,,,,,,,,
Exp11_boundary_outer_b075_S2,10,24.0,24.0,29.829496320641994,29.965051940519697,0.963258135767658,0.9623943703995563,21.270011417125424,20.96307782181782,0.7735420090669197,0.7608075783445825,18.53171223216626,19.018520948563097,24.657669847339676,24.81803505141728,0.0,0.0,0.0,0.0,0.020653813128592446,0.020623192210526515,8.330723913588924,5.366297175540873,,,,,,,,,,,,,,,,
Exp19b_stage2_500,10,24.0,24.0,29.829115827531677,29.965637376733905,0.9632557282108841,0.9623995188353912,21.269630924015118,20.962985542781404,0.7735372014963009,0.7608412747339777,18.531331739055943,19.018524823136165,24.657389548770322,24.8184569911037,0.0,0.0,0.0,0.0,0.02065249573982631,0.020619102908919253,8.330644191364232,5.366379835480905,0.7301300525665283,0.7343533039093018,0.8476769089698791,0.8639081716537476,3.0574220776557923,3.1305359601974487,0.0033183595398440955,0.003463410772383213,0.0,0.0,0.0,0.0,0.0,0.0,0.006204668269492686,0.0062907906249165535
