dataset,method,rows,PSNR,SSIM,LPIPS,VFID,TC,mask_PSNR,mask_SSIM,protocol,source_summary
DAVIS50,SFT-48000 baseline,50,32.731391357563574,0.9705332790121182,0.0166600016494824,0.2017915193351127,0.971200125269268,23.88492442789881,0.797561355325707,raw6 hard-comp D+G off frame-wise,/home/hj/dpo-2-1-exp/this_week_exp11_exp12/metrics/summary_all.csv
DAVIS50,Exp11 outer b0.75 S2,50,33.01395441781607,0.972294611292204,0.0153625006525544,0.175422749268316,0.9711221745739812,24.167487488151306,0.8099411256463036,raw6 hard-comp D+G off frame-wise,/home/hj/dpo-2-1-exp/this_week_exp11_exp12/metrics/summary_all.csv
YouTubeVOS100,SFT-48000 baseline,100,33.396811596910055,0.970147000881809,0.0175551354453394,0.2007290676577504,0.9819495909887812,24.426178699423332,0.7935293452302115,raw6 hard-comp D+G off frame-wise,/home/hj/dpo-2-1-exp/this_week_exp11_exp12/youtubevos100_eval/exp11_outer_b075_s2_youtubevos100_20260615_194218_youtubevos100_raw6_hardcomp/metrics/summary_all.csv
YouTubeVOS100,Exp11 outer b0.75 S2,100,33.72381407888647,0.9710672895477084,0.0167699567059753,0.1924547598067869,0.9820775644157246,24.75318118139975,0.7990022781452786,raw6 hard-comp D+G off frame-wise,/home/hj/dpo-2-1-exp/this_week_exp11_exp12/youtubevos100_eval/exp11_outer_b075_s2_youtubevos100_20260615_194218_youtubevos100_raw6_hardcomp/metrics/summary_all.csv
