{
  "primary_boundary_psnr": {
    "bootstrap_ci_high": 2.649467376989597,
    "bootstrap_ci_low": -1.2752751857236608,
    "comparison": "step50-step0",
    "frame_range": "no_first_frame",
    "leave_one_out_max": 1.0020707075382742,
    "leave_one_out_min": 0.12814129429738644,
    "max_delta": 17.223081419619525,
    "mean_delta": 0.6623581732137034,
    "median_delta": -0.28756203311430184,
    "metric": "boundary_pixel_psnr",
    "min_delta": -9.868730390847997,
    "n": 32,
    "probability_improved": 0.7427,
    "variant": "comp",
    "win_rate": 0.4375
  },
  "primary_ewarp": {
    "bootstrap_ci_high": 6.197309684633963,
    "bootstrap_ci_low": -16.682015090730815,
    "comparison": "step50-step0",
    "frame_range": "no_first_frame",
    "leave_one_out_max": 1.5579972966282298,
    "leave_one_out_min": -5.3444811491284705,
    "max_delta": 50.4094359286605,
    "mean_delta": -3.6021712404475648,
    "median_delta": -0.039577804892224955,
    "metric": "ewarp_mask_region",
    "min_delta": -163.56739588979718,
    "n": 32,
    "probability_improved": 0.6993,
    "variant": "comp",
    "win_rate": 0.5
  },
  "primary_lpips": {
    "bootstrap_ci_high": 0.013011843222269207,
    "bootstrap_ci_low": -0.008717867618073187,
    "comparison": "step50-step0",
    "frame_range": "no_first_frame",
    "leave_one_out_max": 0.0051894103738939976,
    "leave_one_out_min": 0.0009666361692061105,
    "max_delta": 0.048935135322002075,
    "mean_delta": 0.0024656517677309857,
    "median_delta": 0.004605305604248619,
    "metric": "whole_video_lpips",
    "min_delta": -0.0819708650233224,
    "n": 32,
    "probability_improved": 0.3238,
    "variant": "comp",
    "win_rate": 0.4375
  },
  "primary_strict_mask_psnr": {
    "bootstrap_ci_high": -0.6245561280705832,
    "bootstrap_ci_low": -4.434435903602686,
    "comparison": "step50-step0",
    "frame_range": "no_first_frame",
    "leave_one_out_max": -2.3162871536916807,
    "leave_one_out_min": -3.2398781422761163,
    "max_delta": 16.897784828701745,
    "mean_delta": -2.6105761744330587,
    "median_delta": -3.3789056324306075,
    "metric": "strict_mask_pixel_psnr",
    "min_delta": -11.733535817415769,
    "n": 32,
    "probability_improved": 0.0065,
    "variant": "comp",
    "win_rate": 0.21875
  },
  "reasons": [
    "strict mask PSNR gate failed",
    "whole comp PSNR dropped by -2.563047",
    "LPIPS worsened beyond tolerance"
  ],
  "status": "EXP26_EXTERNAL_VALIDATION_NOT_CONFIRMED",
  "whole_comp_psnr_delta_no_first_frame": -2.5630465076517055
}
