{
  "EXP11_S1_DEV_PSNR": 29.333541213461046,
  "EXP11_S2_DEV_PSNR": 29.355372445221406,
  "SFT_DEV_PSNR": 29.173336144795606,
  "TARGET_DEV_PSNR": 29.523336144795607
}
