rows,loss_mean,loss_last,loss_max,dpo_loss_mean,dpo_loss_last,dpo_loss_max,implicit_acc_mean,implicit_acc_last,implicit_acc_max,m_w_mean,m_w_last,m_w_max,m_l_mean,m_l_last,m_l_max,m_w_ref_mean,m_w_ref_last,m_w_ref_max,m_l_ref_mean,m_l_ref_last,m_l_ref_max,norm_win_gap_mean,norm_win_gap_last,norm_win_gap_max,norm_lose_gap_mean,norm_lose_gap_last,norm_lose_gap_max,winner_improvement_mean_mean,winner_improvement_mean_last,winner_improvement_mean_max,loser_degradation_mean_mean,loser_degradation_mean_last,loser_degradation_mean_max,loser_dominant_ratio_mean,loser_dominant_ratio_last,loser_dominant_ratio_max,grad_norm_mean,grad_norm_last,grad_norm_max,nan_inf_count
10,1.1745305653312244,2.091540575027466,3.952669620513916,0.960179654397507,1.7013121843338013,3.131783962249756,0.4,0.0,1.0,0.04595025852322578,0.1503179669380188,0.1503179669380188,0.0970720112323761,0.17120032012462616,0.17555515468120575,0.0613582263700664,0.10251787304878235,0.13052776455879211,0.05723864063620567,0.12296292930841446,0.15111295878887177,-0.2489652931690216,0.38271254301071167,0.8176108002662659,0.5696560502052307,0.3309490978717804,1.5047962665557861,0.4610186964273453,0.0,1.6574102640151978,0.47415611743927,0.3309490978717804,1.0,0.0,0.0,0.0,57.38309078316858,52.48755606014919,170.04361478093455,0
