sample_id,area_mean,area_min,area_max,area_std,max_centroid_jump_px,bbox_touch_frames,first_frame_area,last_frame_area,visual_class
vp2_vor_bg_49f_REAL_ENV181_00006_007_01,0.2066343803146259,0.0,0.2227105034722222,0.03142531271376503,10.18827106434106,0,0.0,0.19096571180555555,stable_large_synthetic_ellipse
vp2_vor_bg_49f_REAL_ENV266_00005_001_01,0.06691474897250567,0.0,0.07226888020833333,0.010174262855307793,11.704699910719626,10,0.0,0.06224717881944444,stable_small_synthetic_ellipse_edge_touch_caution
vp2_vor_bg_49f_REAL_ENV177_00004_003_02,0.11332928093112245,0.0,0.12210394965277778,0.017245650932356835,11.413177930607326,0,0.0,0.10530381944444445,stable_medium_synthetic_circle
vp2_vor_bg_49f_REAL_ENV222_00105_004_01,0.15939929226899094,0.0,0.172333984375,0.02421627491534412,13.432043608921314,0,0.0,0.1480392795138889,stable_medium_synthetic_ellipse
