rows,loss_mean,loss_last,loss_max,loss_p95,dpo_loss_mean,dpo_loss_last,dpo_loss_max,dpo_loss_p95,implicit_acc_mean,implicit_acc_last,implicit_acc_max,implicit_acc_p95,m_w_mean,m_w_last,m_w_max,m_w_p95,m_l_mean,m_l_last,m_l_max,m_l_p95,m_w_ref_mean,m_w_ref_last,m_w_ref_max,m_w_ref_p95,m_l_ref_mean,m_l_ref_last,m_l_ref_max,m_l_ref_p95,norm_win_gap_mean,norm_win_gap_last,norm_win_gap_max,norm_win_gap_p95,norm_lose_gap_mean,norm_lose_gap_last,norm_lose_gap_max,norm_lose_gap_p95,winner_improvement_mean_mean,winner_improvement_mean_last,winner_improvement_mean_max,winner_improvement_mean_p95,loser_degradation_mean_mean,loser_degradation_mean_last,loser_degradation_mean_max,loser_degradation_mean_p95,loser_dominant_ratio_mean,loser_dominant_ratio_last,loser_dominant_ratio_max,loser_dominant_ratio_p95,grad_norm_mean,grad_norm_last,grad_norm_max,grad_norm_p95,grad_gt_10_count,grad_gt_50_count,grad_gt_100_count,nan_inf_count
50,1.0235690009710379,0.9509385228157043,3.956773042678833,2.0768107175827026,0.8703254174765607,0.8550137281417847,3.1350271701812744,1.6415682017803188,0.28,0.0,1.0,1.0,0.06568110849708318,0.03349701687693596,0.393113374710083,0.20956684574484816,0.10328197196125984,0.04603901877999306,0.4664570093154907,0.2364461861550807,0.06620567884296179,0.030484044924378395,0.35950908064842224,0.18446334302425382,0.07857644403353334,0.04018135368824005,0.42130231857299805,0.2040680669248104,-0.04615741923567839,0.09424997866153717,0.8184680938720703,0.37612628787755964,0.3598687156289816,0.13608309626579285,1.490891695022583,1.144904464483261,0.19611695230123588,0.0,1.6575884819030762,1.3843542277812955,0.33541349731385706,0.13608309626579285,1.0,1.0,0.12,0.0,1.0,1.0,42.74864419140528,30.821309345579444,471.68358081969296,136.25990432375542,41,7,4,0
