{
  "search:BF07-Exp11-S1": {
    "baseline": "Exp11-S1",
    "candidate": "BF07",
    "ci_high": 0.11743817172169531,
    "ci_low": -0.0312690336774914,
    "comparison": "BF07-Exp11-S1",
    "leave_one_out_max": 0.06801070639439691,
    "leave_one_out_min": 0.03424882158848798,
    "mean_delta": 0.04655038034525827,
    "median_delta": 0.09996758221780944,
    "n_videos": 16,
    "per_video_win_rate": 0.6875,
    "prob_delta_gt_0": 0.8824,
    "seed_win_count": 3,
    "sign_test_one_sided_p": 0.1050567626953125,
    "sign_total": 16,
    "sign_wins": 11,
    "split": "search",
    "three_seed_candidate_mean": 29.38009159380631,
    "three_seed_candidate_std": 0.010601559463328693
  },
  "search:BF07-Exp11-S2": {
    "baseline": "Exp11-S2",
    "candidate": "BF07",
    "ci_high": 0.09548683395478356,
    "ci_low": -0.05304613267202738,
    "comparison": "BF07-Exp11-S2",
    "leave_one_out_max": 0.045453749468910586,
    "leave_one_out_min": 0.012747157342067795,
    "mean_delta": 0.02471914858490365,
    "median_delta": 0.09157842159088503,
    "n_videos": 16,
    "per_video_win_rate": 0.6875,
    "prob_delta_gt_0": 0.7473,
    "seed_win_count": 3,
    "sign_test_one_sided_p": 0.1050567626953125,
    "sign_total": 16,
    "sign_wins": 11,
    "split": "search",
    "three_seed_candidate_mean": 29.38009159380631,
    "three_seed_candidate_std": 0.010601559463328693
  },
  "search:BF07-P0": {
    "baseline": "P0",
    "candidate": "BF07",
    "ci_high": 0.0600199661223675,
    "ci_low": -0.016107539064894743,
    "comparison": "BF07-P0",
    "leave_one_out_max": 0.03703343710031201,
    "leave_one_out_min": 0.01284890656814876,
    "mean_delta": 0.02340942300350246,
    "median_delta": 0.023169214995078846,
    "n_videos": 16,
    "per_video_win_rate": 0.8125,
    "prob_delta_gt_0": 0.8865,
    "seed_win_count": 3,
    "sign_test_one_sided_p": 0.0106353759765625,
    "sign_total": 16,
    "sign_wins": 13,
    "split": "search",
    "three_seed_candidate_mean": 29.38009159380631,
    "three_seed_candidate_std": 0.010601559463328693
  },
  "search:BF07-P4": {
    "baseline": "P4",
    "candidate": "BF07",
    "ci_high": 0.02338815953193625,
    "ci_low": -0.02204746370258533,
    "comparison": "BF07-P4",
    "leave_one_out_max": 0.010993394719355365,
    "leave_one_out_min": -0.003657463913407355,
    "mean_delta": 0.002180810929113708,
    "median_delta": 0.006988113963556586,
    "n_videos": 16,
    "per_video_win_rate": 0.625,
    "prob_delta_gt_0": 0.591,
    "seed_win_count": 2,
    "sign_test_one_sided_p": 0.2272491455078125,
    "sign_total": 16,
    "sign_wins": 10,
    "split": "search",
    "three_seed_candidate_mean": 29.38009159380631,
    "three_seed_candidate_std": 0.010601559463328693
  },
  "search:P4-Exp11-S1": {
    "baseline": "Exp11-S1",
    "candidate": "P4",
    "ci_high": 0.12172061886646637,
    "ci_low": -0.032745299849976775,
    "comparison": "P4-Exp11-S1",
    "leave_one_out_max": 0.062063304825293625,
    "leave_one_out_min": 0.023255426869132616,
    "mean_delta": 0.04436956941614456,
    "median_delta": 0.08502800340188976,
    "n_videos": 16,
    "per_video_win_rate": 0.6875,
    "prob_delta_gt_0": 0.8652,
    "seed_win_count": 3,
    "sign_test_one_sided_p": 0.1050567626953125,
    "sign_total": 16,
    "sign_wins": 11,
    "split": "search",
    "three_seed_candidate_mean": 29.377910782877194,
    "three_seed_candidate_std": 0.01293919430168043
  },
  "search:P4-Exp11-S2": {
    "baseline": "Exp11-S2",
    "candidate": "P4",
    "ci_high": 0.10026702137903161,
    "ci_low": -0.05525742483814014,
    "comparison": "P4-Exp11-S2",
    "leave_one_out_max": 0.03998018426813701,
    "leave_one_out_min": 0.0017537626227124292,
    "mean_delta": 0.022538337655789942,
    "median_delta": 0.06619477856517797,
    "n_videos": 16,
    "per_video_win_rate": 0.6875,
    "prob_delta_gt_0": 0.7183,
    "seed_win_count": 3,
    "sign_test_one_sided_p": 0.1050567626953125,
    "sign_total": 16,
    "sign_wins": 11,
    "split": "search",
    "three_seed_candidate_mean": 29.377910782877194,
    "three_seed_candidate_std": 0.01293919430168043
  },
  "search:P4-P0": {
    "baseline": "P0",
    "candidate": "P4",
    "ci_high": 0.03760391440796772,
    "ci_low": 0.005862427172528751,
    "comparison": "P4-P0",
    "leave_one_out_max": 0.026040042380956644,
    "leave_one_out_min": 0.016506370481556114,
    "mean_delta": 0.021228612074388753,
    "median_delta": 0.02034099287750557,
    "n_videos": 16,
    "per_video_win_rate": 0.8125,
    "prob_delta_gt_0": 0.9959,
    "seed_win_count": 3,
    "sign_test_one_sided_p": 0.0106353759765625,
    "sign_total": 16,
    "sign_wins": 13,
    "split": "search",
    "three_seed_candidate_mean": 29.377910782877194,
    "three_seed_candidate_std": 0.01293919430168043
  },
  "shadow:BF07-Exp11-S1": {
    "baseline": "Exp11-S1",
    "candidate": "BF07",
    "ci_high": 0.01331564428391105,
    "ci_low": -0.3305412233231332,
    "comparison": "BF07-Exp11-S1",
    "leave_one_out_max": -0.04599410957963756,
    "leave_one_out_min": -0.14865398628877327,
    "mean_delta": -0.12894925844293148,
    "median_delta": 0.008693879308733443,
    "n_videos": 20,
    "per_video_win_rate": 0.55,
    "prob_delta_gt_0": 0.0514,
    "seed_win_count": 0,
    "sign_test_one_sided_p": 0.41190147399902344,
    "sign_total": 20,
    "sign_wins": 11,
    "split": "shadow",
    "three_seed_candidate_mean": 29.371828611748793,
    "three_seed_candidate_std": 0.048729002486491306
  },
  "shadow:BF07-Exp11-S2": {
    "baseline": "Exp11-S2",
    "candidate": "BF07",
    "ci_high": -0.01022887340216798,
    "ci_low": -0.3433495783749093,
    "comparison": "BF07-Exp11-S2",
    "leave_one_out_max": -0.07144431428069091,
    "leave_one_out_min": -0.16816080698548058,
    "mean_delta": -0.14989903075815808,
    "median_delta": -0.025124883995294667,
    "n_videos": 20,
    "per_video_win_rate": 0.4,
    "prob_delta_gt_0": 0.0131,
    "seed_win_count": 0,
    "sign_test_one_sided_p": 0.8684120178222656,
    "sign_total": 20,
    "sign_wins": 8,
    "split": "shadow",
    "three_seed_candidate_mean": 29.371828611748793,
    "three_seed_candidate_std": 0.048729002486491306
  },
  "shadow:BF07-P0": {
    "baseline": "P0",
    "candidate": "BF07",
    "ci_high": 0.02724126432053075,
    "ci_low": -0.19892346307912298,
    "comparison": "BF07-P0",
    "leave_one_out_max": 0.005353842032294895,
    "leave_one_out_min": -0.06738916527693299,
    "mean_delta": -0.05814168632605217,
    "median_delta": 0.014916018224420569,
    "n_videos": 20,
    "per_video_win_rate": 0.6,
    "prob_delta_gt_0": 0.2267,
    "seed_win_count": 0,
    "sign_test_one_sided_p": 0.2517223358154297,
    "sign_total": 20,
    "sign_wins": 12,
    "split": "shadow",
    "three_seed_candidate_mean": 29.371828611748793,
    "three_seed_candidate_std": 0.048729002486491306
  },
  "shadow:BF07-P4": {
    "baseline": "P4",
    "candidate": "BF07",
    "ci_high": 0.003566355587298971,
    "ci_low": -0.12482313556545707,
    "comparison": "BF07-P4",
    "leave_one_out_max": -0.0077405550184642975,
    "leave_one_out_min": -0.04922222947796715,
    "mean_delta": -0.04432951250342754,
    "median_delta": -0.004833684528030346,
    "n_videos": 20,
    "per_video_win_rate": 0.4,
    "prob_delta_gt_0": 0.0577,
    "seed_win_count": 0,
    "sign_test_one_sided_p": 0.8684120178222656,
    "sign_total": 20,
    "sign_wins": 8,
    "split": "shadow",
    "three_seed_candidate_mean": 29.371828611748793,
    "three_seed_candidate_std": 0.048729002486491306
  },
  "shadow:P4-Exp11-S1": {
    "baseline": "Exp11-S1",
    "candidate": "P4",
    "ci_high": 0.017707889257708487,
    "ci_low": -0.21379557092282392,
    "comparison": "P4-Exp11-S1",
    "leave_one_out_max": -0.03825355456117326,
    "leave_one_out_min": -0.10006467063604288,
    "mean_delta": -0.08461974593950394,
    "median_delta": -0.0045099513660744606,
    "n_videos": 20,
    "per_video_win_rate": 0.5,