{
  "L0": {
    "diag": {
      "boundary_area_ratio": 0.018034188076853752,
      "dpo_loss": 0.6931471824645996,
      "implicit_acc": 0.0,
      "loser_degradation_mean": 0.0,
      "loser_degrade_count": 0.0,
      "loser_dominant_ratio": 0.0,
      "loss": 0.695064902305603,
      "m_l": 0.022712964564561844,
      "m_l_ref": 0.022712964564561844,
      "m_w": 0.03835490718483925,
      "m_w_ref": 0.03835490718483925,
      "mask_area_ratio": 0.061367522925138474,
      "mse_l_over_ref_mse_l": 0.999955952167511,
      "mse_w_over_ref_mse_w": 0.9999739527702332,
      "n_correct": 0.0,
      "n_total": 1.0,
      "norm_lose_gap": 0.0,
      "norm_lose_gap_clipped": 0.0,
      "norm_win_gap": 0.0,
      "outside_area_ratio": 0.9205983281135559,
      "raw_lose_gap": 0.0,
      "raw_win_gap": 0.0,
      "region_weight_sum": 8488.7998046875,
      "winner_abs_reg": 0.03835490718483925,
      "winner_gap_reg": 0.0,
      "winner_improvement_mean": 0.0
    },
    "loss": 0.695064902305603,
    "policy_grad_norm": 14.379858399808493,
    "reference_has_grad": false,
    "status": "passed"
  },
  "L1": {
    "checkpoint": "/mnt/nas/hj/H20_Video_inpainting_DPO/experiments/dpo/exp26_videopainter_dpo_v2/vp_l0_l1_primary32_retry3_20260625_125902/one_step_run/checkpoint-1",
    "last_weights": "/mnt/nas/hj/H20_Video_inpainting_DPO/experiments/dpo/exp26_videopainter_dpo_v2/vp_l0_l1_primary32_retry3_20260625_125902/one_step_run/last_weights",
    "policy_delta_norm": 1.6732795822542237,
    "reference_delta_norm": 0.0,
    "reload_diag": {
      "boundary_area_ratio": 0.018034188076853752,
      "dpo_loss": 1.5265380144119263,
      "implicit_acc": 0.0,
      "loser_degradation_mean": 0.8877485394477844,
      "loser_degrade_count": 0.0,
      "loser_dominant_ratio": 0.0,
      "loss": 2.0078787803649902,
      "m_l": 0.055186059325933456,
      "m_l_ref": 0.022712964564561844,
      "m_w": 0.061876434832811356,
      "m_w_ref": 0.03835490718483925,
      "mask_area_ratio": 0.061367522925138474,
      "mse_l_over_ref_mse_l": 2.4296092987060547,
      "mse_w_over_ref_mse_w": 1.6132179498672485,
      "n_correct": 0.0,
      "n_total": 1.0,
      "norm_lose_gap": 0.8877485394477844,
      "norm_lose_gap_clipped": 0.8877485394477844,
      "norm_win_gap": 0.4782470166683197,
      "outside_area_ratio": 0.9205983281135559,
      "raw_lose_gap": 0.03247309476137161,
      "raw_win_gap": 0.023521527647972107,
      "region_weight_sum": 8488.7998046875,
      "winner_abs_reg": 0.061876434832811356,
      "winner_gap_reg": 0.4782470166683197,
      "winner_improvement_mean": 0.0
    },
    "reload_loss": 2.0078787803649902,
    "reload_max_abs_diff": 0.0,
    "reloaded_state_digest": "65207a8c9178ac706f023660eaa5f22ed151f40c512c92d0d7cd63dfd4d7b16d",
    "saved_state_digest": "65207a8c9178ac706f023660eaa5f22ed151f40c512c92d0d7cd63dfd4d7b16d",
    "status": "passed"
  },
  "cuda_visible_devices": "0",
  "frames": 49,
  "manifest": "/home/hj/runtime_code/H20_Video_inpainting_DPO_exp26_videopainter_run/exp26_videopainter_dpo_v2/manifests/vp2_gate64_primary32_final.jsonl",
  "official_optimizer_scheduler": {
    "adam_beta1": 0.9,
    "adam_beta2": 0.95,
    "adam_epsilon": 1e-08,
    "learning_rate": 0.0001,
    "lr_scheduler": "constant",
    "lr_warmup_steps": 500,
    "max_grad_norm": 1.0,
    "mixed_precision": null,
    "weight_decay": 0.0001
  },
  "pid": 155416,
  "sample_id": "vp2_gate64_012_BLENDER_BEACH028_00003",
  "status": "passed"
}
