seed,rows,strict_mask_pixel_psnr_mean_delta,strict_mask_pixel_psnr_median_delta,strict_mask_pixel_psnr_win_rate,boundary_pixel_psnr_mean_delta,boundary_pixel_psnr_median_delta,boundary_pixel_psnr_win_rate,whole_video_lpips_mean_delta,whole_video_lpips_median_delta,whole_video_lpips_win_rate,ewarp_mask_region_mean_delta,ewarp_mask_region_median_delta,ewarp_mask_region_win_rate,primary_direction_pass
20260619,16,7.019990276821925,5.84911878465037,0.8125,13.411947470653569,12.579325486519025,1.0,-0.0543984012074361,-0.042768930104405925,0.9375,-10.220415622653645,-2.7733580748045306,0.9375,True
20260620,16,7.871717275114076,5.134192814030179,0.8125,13.562565622520532,14.519821163447002,1.0,-0.054062653107394006,-0.03657039810786955,0.9375,-8.35482253898803,-3.134491445033494,0.9375,True
20260621,16,9.124383100603815,8.01721590696223,0.8125,13.908393263731602,15.091531224552181,1.0,-0.06011863985198336,-0.04120719337758297,0.9375,-9.401893728770672,-6.00879174755314,0.9375,True
