{
  "continue_100step_recommendation": "NO_100STEP_BY_PROTOCOL",
  "diagnostics_path": "/mnt/nas/hj/H20_Video_inpainting_DPO/experiments/dpo/exp26_videopainter_dpo_v2/vp_primary32_50step_20260625_171032/dpo_diagnostics.csv",
  "dpo_loss_last": 0.8550137281417847,
  "dpo_loss_max": 3.1350271701812744,
  "dpo_loss_mean": 0.8703254174765607,
  "dpo_loss_p95": 1.6415682017803188,
  "grad_gt_100_count": 4,
  "grad_gt_10_count": 41,
  "grad_gt_50_count": 7,
  "grad_norm_last": 30.821309345579444,
  "grad_norm_max": 471.68358081969296,
  "grad_norm_mean": 42.74864419140528,
  "grad_norm_p95": 136.25990432375542,
  "implicit_acc_last": 0.0,
  "implicit_acc_max": 1.0,
  "implicit_acc_mean": 0.28,
  "implicit_acc_p95": 1.0,
  "loser_degradation_mean_last": 0.13608309626579285,
  "loser_degradation_mean_max": 1.0,
  "loser_degradation_mean_mean": 0.33541349731385706,
  "loser_degradation_mean_p95": 1.0,
  "loser_dominant_ratio_last": 0.0,
  "loser_dominant_ratio_max": 1.0,
  "loser_dominant_ratio_mean": 0.12,
  "loser_dominant_ratio_p95": 1.0,
  "loss_last": 0.9509385228157043,
  "loss_max": 3.956773042678833,
  "loss_mean": 1.0235690009710379,
  "loss_p95": 2.0768107175827026,
  "rows": 50,
  "winner_improvement_mean_last": 0.0,
  "winner_improvement_mean_max": 1.6575884819030762,
  "winner_improvement_mean_mean": 0.19611695230123588,
  "winner_improvement_mean_p95": 1.3843542277812955
}
