metric,n,mean_delta,median_delta,win_rate,bootstrap_ci_low,bootstrap_ci_high,prob_improved,leave_one_out_min,leave_one_out_max
whole_video_psnr,32,0.9772522816102165,1.0022578393491877,0.5625,-0.735247405329287,2.777972939279115,0.8588,0.585173678418958,1.2448746375748825
whole_video_ssim,32,0.032640760455610505,0.022753408525425234,0.625,0.008105072961477507,0.058838819129514566,0.9967,0.026711275119832324,0.03726020141430363
whole_video_lpips,32,-0.004499276667567236,-0.0019197658616669291,0.53125,-0.018262249187563966,0.008085379376279879,0.7469,-0.006378765704160541,-0.0010384970624796883
strict_mask_pixel_psnr,32,0.9751917655944313,1.0271828474994606,0.5625,-0.7791110339509284,2.8232952434280776,0.8526,0.5741356436830619,1.2518720018007172
boundary_pixel_psnr,32,5.082206221968611,4.5143422513332645,0.875,3.367478910812837,6.963990438336034,1.0,4.617898582124123,5.381674153641501
ewarp_mask_region,32,-1.3014566053281367,0.8514533161966635,0.46875,-4.241029811285084,1.4743891189404212,0.8056,-1.7287570802485184,-0.5338853876623114
