model_label,rows,frames_mean,whole_video_psnr_mean,whole_video_ssim_mean,strict_mask_pixel_psnr_mean,boundary_pixel_psnr_mean,whole_video_lpips_mean,tc_mean,ewarp_mean,vfid,eval_dir
EQ_AD04,16,24.0,29.387359434902027,0.9690293856109391,17.082048142389603,22.969489085618314,0.017981832729977516,0.9760909759156082,12.002447594924256,0.22674857819114091,/mnt/nas/hj/H20_Video_inpainting_DPO/experiments/dpo/exp20_autoresearch_scale_adaptive_region_dpo/trials/EQ_AD04_77a0ed002ad3955d/eval_dev/EQ_AD04
EQ_BF07,16,24.0,29.393079237070907,0.9689934193420773,17.08776794455848,22.947160397650773,0.01844142305283943,0.9759301629079425,11.967786727322874,0.2328873789223107,/mnt/nas/hj/H20_Video_inpainting_DPO/experiments/dpo/exp20_autoresearch_scale_adaptive_region_dpo/trials/EQ_BF07_2bc98e58514fb1da/eval_dev/EQ_BF07
EQ_P0,16,24.0,29.374471164869995,0.9689933514246992,17.069159872357563,22.94747257125819,0.01783926802818314,0.9761364233234655,12.016644219329464,0.2236007971941274,/mnt/nas/hj/H20_Video_inpainting_DPO/experiments/dpo/exp20_autoresearch_scale_adaptive_region_dpo/trials/EQ_P0_1d8cd54758b73251/eval_dev/EQ_P0
EQ_P4,16,24.0,29.389915628897423,0.9690315239023087,17.084604336385,22.9665667880521,0.018072267881507287,0.9760408338321291,11.99381688433198,0.22793052368306155,/mnt/nas/hj/H20_Video_inpainting_DPO/experiments/dpo/exp20_autoresearch_scale_adaptive_region_dpo/trials/EQ_P4_edbea07bb785e769/eval_dev/EQ_P4
EQ_RB08,16,24.0,29.361331549847684,0.968911249694713,17.056020257335252,22.925615134810013,0.017950044173630886,0.9760388979769271,11.998562088395019,0.22690416990848883,/mnt/nas/hj/H20_Video_inpainting_DPO/experiments/dpo/exp20_autoresearch_scale_adaptive_region_dpo/trials/EQ_RB08_dedc22769ee47bc3/eval_dev/EQ_RB08
