sample_id,extraction_status,original_frame_count,fps,width,height,formal_49f_status,mask_status,first_frame_sum,area_mean,centroid_motion_px
vp2_vor_bg_49f_REAL_ENV181_00006_007_01,OK,240,30.0,1280,720,OK,OK,0,0.2066343803146259,142.1724305201258
vp2_vor_bg_49f_REAL_ENV266_00005_001_01,OK,240,30.0,1280,720,OK,OK,0,0.06691474897250567,204.63626267111115
vp2_vor_bg_49f_REAL_ENV177_00004_003_02,OK,240,30.0,1280,720,OK,OK,0,0.11332928093112245,198.16155025635018
vp2_vor_bg_49f_REAL_ENV222_00105_004_01,OK,240,30.0,1280,720,OK,OK,0,0.15939929226899094,302.89932320822373
