{
  "diagnostics": {
    "dpo_loss_last": 1.7013121843338013,
    "dpo_loss_max": 3.131783962249756,
    "dpo_loss_mean": 0.960179654397507,
    "grad_norm_last": 52.48755606014919,
    "grad_norm_max": 170.04361478093455,
    "grad_norm_mean": 57.38309078316858,
    "implicit_acc_last": 0.0,
    "implicit_acc_max": 1.0,
    "implicit_acc_mean": 0.4,
    "loser_degradation_mean_last": 0.3309490978717804,
    "loser_degradation_mean_max": 1.0,
    "loser_degradation_mean_mean": 0.47415611743927,
    "loser_dominant_ratio_last": 0.0,
    "loser_dominant_ratio_max": 0.0,
    "loser_dominant_ratio_mean": 0.0,
    "loss_last": 2.091540575027466,
    "loss_max": 3.952669620513916,
    "loss_mean": 1.1745305653312244,
    "m_l_last": 0.17120032012462616,
    "m_l_max": 0.17555515468120575,
    "m_l_mean": 0.0970720112323761,
    "m_l_ref_last": 0.12296292930841446,
    "m_l_ref_max": 0.15111295878887177,
    "m_l_ref_mean": 0.05723864063620567,
    "m_w_last": 0.1503179669380188,
    "m_w_max": 0.1503179669380188,
    "m_w_mean": 0.04595025852322578,
    "m_w_ref_last": 0.10251787304878235,
    "m_w_ref_max": 0.13052776455879211,
    "m_w_ref_mean": 0.0613582263700664,
    "nan_inf_count": 0,
    "norm_lose_gap_last": 0.3309490978717804,
    "norm_lose_gap_max": 1.5047962665557861,
    "norm_lose_gap_mean": 0.5696560502052307,
    "norm_win_gap_last": 0.38271254301071167,
    "norm_win_gap_max": 0.8176108002662659,
    "norm_win_gap_mean": -0.2489652931690216,
    "rows": 10,
    "winner_improvement_mean_last": 0.0,
    "winner_improvement_mean_max": 1.6574102640151978,
    "winner_improvement_mean_mean": 0.4610186964273453
  },
  "paired_step10_vs_step0": {
    "boundary_pixel_psnr": {
      "bootstrap_ci_high": 6.963990438336034,
      "bootstrap_ci_low": 3.367478910812837,
      "leave_one_out_max": 5.381674153641501,
      "leave_one_out_min": 4.617898582124123,
      "mean_delta": 5.082206221968611,
      "median_delta": 4.5143422513332645,
      "metric": "boundary_pixel_psnr",
      "n": 32,
      "prob_improved": 1.0,
      "win_rate": 0.875
    },
    "ewarp_mask_region": {
      "bootstrap_ci_high": 1.4743891189404212,
      "bootstrap_ci_low": -4.241029811285084,
      "leave_one_out_max": -0.5338853876623114,
      "leave_one_out_min": -1.7287570802485184,
      "mean_delta": -1.3014566053281367,
      "median_delta": 0.8514533161966635,
      "metric": "ewarp_mask_region",
      "n": 32,
      "prob_improved": 0.8056,
      "win_rate": 0.46875
    },
    "strict_mask_pixel_psnr": {
      "bootstrap_ci_high": 2.8232952434280776,
      "bootstrap_ci_low": -0.7791110339509284,
      "leave_one_out_max": 1.2518720018007172,
      "leave_one_out_min": 0.5741356436830619,
      "mean_delta": 0.9751917655944313,
      "median_delta": 1.0271828474994606,
      "metric": "strict_mask_pixel_psnr",
      "n": 32,
      "prob_improved": 0.8526,
      "win_rate": 0.5625
    },
    "whole_video_lpips": {
      "bootstrap_ci_high": 0.008085379376279879,
      "bootstrap_ci_low": -0.018262249187563966,
      "leave_one_out_max": -0.0010384970624796883,
      "leave_one_out_min": -0.006378765704160541,
      "mean_delta": -0.004499276667567236,
      "median_delta": -0.0019197658616669291,
      "metric": "whole_video_lpips",
      "n": 32,
      "prob_improved": 0.7469,
      "win_rate": 0.53125
    },
    "whole_video_psnr": {
      "bootstrap_ci_high": 2.777972939279115,
      "bootstrap_ci_low": -0.735247405329287,
      "leave_one_out_max": 1.2448746375748825,
      "leave_one_out_min": 0.585173678418958,
      "mean_delta": 0.9772522816102165,
      "median_delta": 1.0022578393491877,
      "metric": "whole_video_psnr",
      "n": 32,
      "prob_improved": 0.8588,
      "win_rate": 0.5625
    },
    "whole_video_ssim": {
      "bootstrap_ci_high": 0.058838819129514566,
      "bootstrap_ci_low": 0.008105072961477507,
      "leave_one_out_max": 0.03726020141430363,
      "leave_one_out_min": 0.026711275119832324,
      "mean_delta": 0.032640760455610505,
      "median_delta": 0.022753408525425234,
      "metric": "whole_video_ssim",
      "n": 32,
      "prob_improved": 0.9967,
      "win_rate": 0.625
    }
  },
  "reasons": [
    "all pre-registered 10-step tolerances passed"
  ],
  "status": "VIDEOPAINTER_10STEP_GATE_PASSED",
  "step0_comp": {
    "boundary_pixel_psnr": 16.01195236353609,
    "ewarp_mask_region": 8.04273951919754,
    "strict_mask_pixel_psnr": 16.012427341260924,
    "whole_video_lpips": 0.07080062118242197,
    "whole_video_psnr": 24.301897366442233,
    "whole_video_ssim": 0.871557953992803
  },
  "step0_root": "/mnt/nas/hj/H20_Video_inpainting_DPO/logs/autoresearch/exp26_videopainter_dpo_v2/searchdev_step0_official_20260625_131957",
  "step10_comp": {
    "boundary_pixel_psnr": 21.094158585504704,
    "ewarp_mask_region": 6.741282913869403,
    "strict_mask_pixel_psnr": 16.987619106855355,
    "whole_video_lpips": 0.06630134451485475,
    "whole_video_psnr": 25.279149648052446,
    "whole_video_ssim": 0.9041987144484136
  },
  "step10_root": "/mnt/nas/hj/H20_Video_inpainting_DPO/logs/autoresearch/exp26_videopainter_dpo_v2/searchdev_step10_vp_primary32_10step_retry1_20260625_151020",
  "step1_comp": {
    "boundary_pixel_psnr": 22.795687530028623,
    "ewarp_mask_region": 1.728870088675135,
    "strict_mask_pixel_psnr": 18.94667263526916,
    "whole_video_lpips": 0.07871026372082937,
    "whole_video_psnr": 27.18641296098709,
    "whole_video_ssim": 0.9212518619353416
  },
  "step1_root": "/mnt/nas/hj/H20_Video_inpainting_DPO/logs/autoresearch/exp26_videopainter_dpo_v2/searchdev_step1_vp_primary32_10step_retry1_20260625_151020",
  "train_root": "/mnt/nas/hj/H20_Video_inpainting_DPO/experiments/dpo/exp26_videopainter_dpo_v2/vp_primary32_10step_retry1_20260625_145257"
}
