variant,model_label,rows,boundary_pixel_psnr_mean,boundary_pixel_psnr_median,boundary_psnr_mean,boundary_psnr_median,boundary_ssim_mean,boundary_ssim_median,ewarp_mask_region_mean,ewarp_mask_region_median,mask_bbox_psnr_mean,mask_bbox_psnr_median,mask_bbox_ssim_mean,mask_bbox_ssim_median,mask_region_psnr_mean,mask_region_psnr_median,mask_region_ssim_mean,mask_region_ssim_median,outside_diff_max_mean,outside_diff_max_median,outside_diff_mean_mean,outside_diff_mean_median,outside_region_diff_max_mean,outside_region_diff_max_median,outside_region_diff_mean_mean,outside_region_diff_mean_median,strict_mask_pixel_psnr_mean,strict_mask_pixel_psnr_median,temporal_diff_delta_vs_gt_mean,temporal_diff_delta_vs_gt_median,whole_video_lpips_mean,whole_video_lpips_median,whole_video_psnr_mean,whole_video_psnr_median,whole_video_ssim_mean,whole_video_ssim_median
raw,VideoPainter_step0_raw,32,15.445102895985176,15.996161292345679,17.17953645635244,17.473683740166592,0.5691984760423894,0.6400471435340425,7.401047145404978,4.856048588408157,16.966752196693776,17.193435352005913,0.572332919341485,0.647666557195284,16.966752196693776,17.193435352005913,0.572332919341485,0.647666557195284,126.14795918367348,118.75510204081633,5.632614091874993,5.3108638743964995,126.14795918367348,118.75510204081633,5.632614091874993,5.3108638743964995,15.996989577661143,16.2958690838829,7.401047145404978,4.856048588408157,0.09040529020302882,0.08372367422419544,22.829909342886836,23.354085454255518,0.8492259011345125,0.8682455376317777
comp,VideoPainter_step0_comp,32,16.01195236353609,16.617508934479204,17.36357148727589,17.691408585572105,0.5737152665071925,0.6389788400513674,8.04273951919754,5.6450273453568425,17.12060111400124,17.36308917415962,0.5758286320853321,0.6467172054809642,17.12060111400124,17.36308917415962,0.5758286320853321,0.6467172054809642,111.01913265306123,100.04081632653062,0.6489191636281582,0.6285368982626467,111.01913265306123,100.04081632653062,0.6489191636281582,0.6285368982626467,16.012427341260924,16.30883715028657,8.04273951919754,5.6450273453568425,0.07080062118242197,0.05790753364658022,24.301897366442233,24.63776910029638,0.871557953992803,0.9004834736060767
