{
  "primary_boundary_psnr": {
    "bootstrap_ci_high": 14.212250502714024,
    "bootstrap_ci_low": 10.184673070034178,
    "comparison": "step50-step0",
    "frame_range": "no_first_frame",
    "leave_one_out_max": 12.537871624962987,
    "leave_one_out_min": 11.713893005328249,
    "max_delta": 26.47246494094916,
    "mean_delta": 12.175098378316402,
    "median_delta": 12.151277888216448,
    "metric": "boundary_pixel_psnr",
    "min_delta": 0.9291277322722635,
    "n": 32,
    "probability_improved": 1.0,
    "variant": "comp",
    "win_rate": 1.0
  },
  "primary_ewarp": {
    "bootstrap_ci_high": -4.3694329178619205,
    "bootstrap_ci_low": -13.581172904962585,
    "comparison": "step50-step0",
    "frame_range": "no_first_frame",
    "leave_one_out_max": -6.448121505583407,
    "leave_one_out_min": -8.650984112216218,
    "max_delta": 0.05740319388581705,
    "mean_delta": -8.378847008900527,
    "median_delta": -2.861779536110686,
    "metric": "ewarp_mask_region",
    "min_delta": -68.2313376117313,
    "n": 32,
    "probability_improved": 1.0,
    "variant": "comp",
    "win_rate": 0.96875
  },
  "primary_lpips": {
    "bootstrap_ci_high": -0.028834080179869184,
    "bootstrap_ci_low": -0.05263795419234611,
    "comparison": "step50-step0",
    "frame_range": "no_first_frame",
    "leave_one_out_max": -0.03662661869098903,
    "leave_one_out_min": -0.04167343370875554,
    "max_delta": 0.007328258497485272,
    "mean_delta": -0.04014213082731051,
    "median_delta": -0.0335437474908152,
    "metric": "whole_video_lpips",
    "min_delta": -0.14912300705327652,
    "n": 32,
    "probability_improved": 1.0,
    "variant": "comp",
    "win_rate": 0.9375
  },
  "primary_strict_mask_psnr": {
    "bootstrap_ci_high": 7.8188685698532,
    "bootstrap_ci_low": 2.7811183810894824,
    "comparison": "step50-step0",
    "frame_range": "no_first_frame",
    "leave_one_out_max": 5.560689191796909,
    "leave_one_out_min": 4.413657704761317,
    "max_delta": 29.158750812809004,
    "mean_delta": 5.186941864387808,
    "median_delta": 4.784492779412193,
    "metric": "strict_mask_pixel_psnr",
    "min_delta": -6.399225285294303,
    "n": 32,
    "probability_improved": 1.0,
    "variant": "comp",
    "win_rate": 0.78125
  },
  "reasons": [],
  "status": "VIDEOPAINTER_SHADOWDEV_METRIC_GATE_PASSED_PENDING_VISUAL_AND_SEED",
  "whole_comp_psnr_delta_no_first_frame": 5.1607389958100285
}
