model_label,rows,frames_mean,whole_video_psnr_mean,whole_video_ssim_mean,strict_mask_pixel_psnr_mean,boundary_pixel_psnr_mean,whole_video_lpips_mean,tc_mean,ewarp_mean,vfid,eval_dir
MS_P0_s20260620,16,24.0,29.349670513975703,0.9687856191051798,17.044359221463274,22.910399290823747,0.017994133371757925,0.9760837545213492,12.031089452490129,0.2284698636498934,/mnt/nas/hj/H20_Video_inpainting_DPO/experiments/dpo/exp20_autoresearch_scale_adaptive_region_dpo/trials/MS_P0_s20260620_6bfbe7155b4d338a/eval_dev/MS_P0_s20260620
MS_P0_s20260621,16,24.0,29.36308705876378,0.9687282965083714,17.057775766251353,22.95032058418958,0.018018855277356728,0.976116110611221,12.002053761376454,0.22309838432536688,/mnt/nas/hj/H20_Video_inpainting_DPO/experiments/dpo/exp20_autoresearch_scale_adaptive_region_dpo/trials/MS_P0_s20260621_2caf53dcd12f9e98/eval_dev/MS_P0_s20260621
MS_P4_s20260620,16,24.0,29.368309508549093,0.9688389380688323,17.062998216036668,22.932378356736063,0.018242199382560404,0.9759667164281659,12.00409358487219,0.23169141561223494,/mnt/nas/hj/H20_Video_inpainting_DPO/experiments/dpo/exp20_autoresearch_scale_adaptive_region_dpo/trials/MS_P4_s20260620_94d7b572cecc6ddd/eval_dev/MS_P4_s20260620
MS_P4_s20260621,16,24.0,29.389903737727956,0.9688485893767673,17.084592445215527,22.968249230902217,0.018327475520588145,0.9759667792721936,11.976736875508125,0.22552685214574053,/mnt/nas/hj/H20_Video_inpainting_DPO/experiments/dpo/exp20_autoresearch_scale_adaptive_region_dpo/trials/MS_P4_s20260621_43ea97bb3689a17d/eval_dev/MS_P4_s20260621
