mode,target_median,k,radius_mean,radius_median,radius_std,radius_p10,radius_p90,clamp_min_ratio,clamp_max_ratio,valid
adaptive_area_perimeter,12,0.2553845875815875,11.986654682554157,12.0,0.9830856209370772,10.756735358126248,13.193832772543773,0.0,0.0,True
adaptive_area_perimeter,16,0.34051278344211666,15.982206243405544,16.0,1.3107808279161028,14.342313810834998,17.591777030058363,0.0,0.0,True
adaptive_area_perimeter,20,0.4256409793026458,19.97775780425693,20.0,1.6384760348951288,17.927892263543747,21.989721287572955,0.0,0.0,True
adaptive_area_perimeter,24,0.510769175163175,23.973309365108314,24.0,1.9661712418741544,21.513470716252495,26.387665545087547,0.0,0.0,True
adaptive_sqrt_area,12,0.10389688653761953,11.948832410555864,12.0,0.7728687779286297,10.920874026996978,12.796062888536946,0.0,0.0,True
adaptive_sqrt_area,16,0.13852918205015938,15.93177654740782,16.0,1.0304917039048396,14.561165369329306,17.06141718471593,0.0,0.0,True
adaptive_sqrt_area,20,0.1731614775626992,19.91472068425977,20.0,1.2881146298810495,18.20145671166163,21.32677148089491,0.0,0.0,True
adaptive_sqrt_area,24,0.20779377307523905,23.89766482111173,24.0,1.5457375558572595,21.841748053993957,25.592125777073893,0.0,0.0,True
