sample_id,status,frames,full_psnr,object_psnr,outside_psnr,black_frame_ratio_max,mean_interframe_absdiff,visual_class
REAL_ENV114_00004_004_02,OK,24,23.031780571383464,23.746430445731658,23.0290312242219,0.0024992766203703705,3.181694725609344,TOO_CLOSE_TO_WINNER
BLENDER_FOREST039_00117,OK,24,24.886851290297205,17.008032118443527,24.983694613520612,0.0014416152263374486,0.3080832645620989,TOO_CLOSE_TO_WINNER
REAL_ENV024_00002_008_01,OK,24,22.981764365712248,18.130052815960664,23.748567519715454,0.00006076388888888889,3.4421362462251084,MEDIUM_HARD_ELIGIBLE
BLENDER_CON001_00332,OK,24,31.5109452744454,23.36622989219229,32.190899566818864,0.4564302019032922,0.02157002765401874,VALID_BUT_NOT_USEFUL_DARK_TOO_CLOSE
REAL_ENV159_00010_003_05,OK,24,26.173714310021072,22.14336014550777,28.684096220529653,0.0,1.955488022254861,HARD_BUT_PLAUSIBLE_WITH_RESIDUAL_ARTIFACT
BLENDER_FOREST039_00530,OK,24,25.756777874091227,13.62212967314665,26.238171424137775,0.0010669045781893005,0.2594889128661674,VALID_BUT_NOT_USEFUL_TOO_CLOSE
