model_label,rows,frames_mean,whole_video_psnr_mean,whole_video_ssim_mean,strict_mask_pixel_psnr_mean,boundary_pixel_psnr_mean,whole_video_lpips_mean,tc_mean,ewarp_mean,vfid,eval_dir
AD01,16,24.0,29.357016583359123,0.9689202978430257,17.051705290846694,22.91645629376831,0.017931277809717962,0.9761192962203338,12.020402713381412,0.2271187046434351,/mnt/nas/hj/H20_Video_inpainting_DPO/experiments/dpo/exp20_autoresearch_scale_adaptive_region_dpo/trials/AD01_ec1a39add453d4e6/eval_dev/AD01
AD02,16,24.0,29.358742712027663,0.9689155284796744,17.053431419515235,22.916690288082737,0.018003357991498582,0.9761299968737622,12.013275462184378,0.22808614597314625,/mnt/nas/hj/H20_Video_inpainting_DPO/experiments/dpo/exp20_autoresearch_scale_adaptive_region_dpo/trials/AD02_c9b90175c014b4dd/eval_dev/AD02
AD03,16,24.0,29.359069096273863,0.9688954967729657,17.053757803761435,22.91006327443975,0.018110779747075867,0.9760987805607526,12.004063569293066,0.22854041856530882,/mnt/nas/hj/H20_Video_inpainting_DPO/experiments/dpo/exp20_autoresearch_scale_adaptive_region_dpo/trials/AD03_19587bca10027637/eval_dev/AD03
AD04,16,24.0,29.35988112541409,0.9689238884689968,17.054569832901667,22.917903668700323,0.017983619234655635,0.9761425255109435,12.014499845621607,0.22792625962182544,/mnt/nas/hj/H20_Video_inpainting_DPO/experiments/dpo/exp20_autoresearch_scale_adaptive_region_dpo/trials/AD04_7ec6adc15d491420/eval_dev/AD04
AD05,16,24.0,29.357825798086964,0.9689004705460579,17.052514505574536,22.91298961251237,0.018045687453801897,0.9760848768055439,12.00994509971402,0.2285500619994627,/mnt/nas/hj/H20_Video_inpainting_DPO/experiments/dpo/exp20_autoresearch_scale_adaptive_region_dpo/trials/AD05_917b961bbf133603/eval_dev/AD05
AD06,16,24.0,29.359513083755512,0.9688867135175027,17.054201791243084,22.9066082865071,0.018167803079753263,0.9760847758987675,11.998574862089932,0.22889773947549186,/mnt/nas/hj/H20_Video_inpainting_DPO/experiments/dpo/exp20_autoresearch_scale_adaptive_region_dpo/trials/AD06_df1df790bdb64f00/eval_dev/AD06
