gate,loss,dpo_loss,implicit_acc,policy_grad_norm,policy_delta_norm,reference_delta_norm,reload_max_abs_diff
L0,0.695064902305603,0.6931471824645996,0.0,14.379858399808493,,,
L1,2.0078787803649902,1.5265380144119263,0.0,,1.6732795822542237,0.0,0.0
