{
  "exp26_probe4_generated_ellipse": {
    "area_mean": {
      "max": 0.20663438031462583,
      "mean": 0.13656942562181124,
      "min": 0.06691474897250567,
      "p10": 0.06691474897250567,
      "p50": 0.15939929226899094,
      "p90": 0.20663438031462583
    },
    "bbox_h_mean": {
      "max": 0.7261904761904763,
      "mean": 0.5569160997732426,
      "min": 0.36513605442176866,
      "p10": 0.36513605442176866,
      "p50": 0.6530612244897959,
      "p90": 0.7261904761904763
    },
    "bbox_w_mean": {
      "max": 0.3619579081632653,
      "mean": 0.2970703125,
      "min": 0.22865114795918365,
      "p10": 0.22865114795918365,
      "p50": 0.3050063775510204,
      "p90": 0.3619579081632653
    },
    "centroid_step_motion_mean": {
      "max": 0.006494160314736625,
      "mean": 0.005324885201410075,
      "min": 0.004890638871824402,
      "p10": 0.004890638871824402,
      "p50": 0.004995664260132587,
      "p90": 0.006494160314736625
    },
    "edge_touch_ratio": {
      "max": 0.20408163265306123,
      "mean": 0.05102040816326531,
      "min": 0.0,
      "p10": 0.0,
      "p50": 0.0,
      "p90": 0.20408163265306123
    },
    "failed": 0,
    "first_frame_area": {
      "max": 0.0,
      "mean": 0.0,
      "min": 0.0,
      "p10": 0.0,
      "p50": 0.0,
      "p90": 0.0
    },
    "ok": 4
  },
  "historical_br_youtubevos_k4_limit512": {
    "area_mean": {
      "max": 0.73123779296875,
      "mean": 0.2543479286134243,
      "min": 0.199444580078125,
      "p10": 0.212689208984375,
      "p50": 0.253985595703125,
      "p90": 0.29119873046875
    },
    "bbox_h_mean": {
      "max": 1.0,
      "mean": 0.7865558624267578,
      "min": 0.521875,
      "p10": 0.66875,
      "p50": 0.790625,
      "p90": 0.9
    },
    "bbox_w_mean": {
      "max": 0.916015625,
      "mean": 0.5043232440948486,
      "min": 0.3359375,
      "p10": 0.431396484375,
      "p50": 0.498046875,
      "p90": 0.585205078125
    },
    "centroid_step_motion_mean": {
      "max": 0.0046053962239097435,
      "mean": 0.0009414053564986758,
      "min": 0.0,
      "p10": 0.0,
      "p50": 0.0,
      "p90": 0.002814723701912766
    },
    "edge_touch_ratio": {
      "max": 1.0,
      "mean": 0.22265625,
      "min": 0.0,
      "p10": 0.0,
      "p50": 0.0,
      "p90": 1.0
    },
    "failed": 0,
    "first_frame_area": {
      "max": 0.73123779296875,
      "mean": 0.2543309211730957,
      "min": 0.199444580078125,
      "p10": 0.212689208984375,
      "p50": 0.253985595703125,
      "p90": 0.29111328125
    },
    "ok": 512
  }
}
