variant,model_label,rows,boundary_pixel_psnr_mean,boundary_pixel_psnr_median,boundary_psnr_mean,boundary_psnr_median,boundary_ssim_mean,boundary_ssim_median,ewarp_mask_region_mean,ewarp_mask_region_median,mask_bbox_psnr_mean,mask_bbox_psnr_median,mask_bbox_ssim_mean,mask_bbox_ssim_median,mask_region_psnr_mean,mask_region_psnr_median,mask_region_ssim_mean,mask_region_ssim_median,outside_diff_max_mean,outside_diff_max_median,outside_diff_mean_mean,outside_diff_mean_median,outside_region_diff_max_mean,outside_region_diff_max_median,outside_region_diff_mean_mean,outside_region_diff_mean_median,strict_mask_pixel_psnr_mean,strict_mask_pixel_psnr_median,temporal_diff_delta_vs_gt_mean,temporal_diff_delta_vs_gt_median,whole_video_lpips_mean,whole_video_lpips_median,whole_video_psnr_mean,whole_video_psnr_median,whole_video_ssim_mean,whole_video_ssim_median
raw,VideoPainter_step10_raw,32,18.336159293608148,18.001450263127765,17.429984697740572,17.380087187851117,0.6403843949383381,0.6670597232727091,5.5932237026160205,5.447237990059269,17.362359256227247,17.25113754855739,0.6395467702322915,0.6661835160715976,17.362359256227247,17.25113754855739,0.6395467702322915,0.6661835160715976,165.42283163265307,163.0,20.304715188030077,19.409053267264852,165.42283163265307,163.0,20.304715188030077,19.409053267264852,16.97500380003565,16.76207842013512,5.5932237026160205,5.447237990059269,0.18945880491305522,0.19652553670564477,19.29172288630366,19.17193384834046,0.7546703470137524,0.7752755456672685
comp,VideoPainter_step10_comp,32,21.094158585504704,20.72996818735281,18.347341684516415,18.086448726565127,0.6512102330443571,0.6758617757190903,6.741282913869403,6.817571821253901,18.103879042762255,17.842465364875462,0.6480614000992876,0.6717668321122424,18.103879042762255,17.842465364875462,0.6480614000992876,0.6717668321122424,111.19005102040816,111.08163265306123,0.6365063614069427,0.6172979680859313,111.19005102040816,111.08163265306123,0.6365063614069427,0.6172979680859313,16.987619106855355,16.772958848408067,6.741282913869403,6.817571821253901,0.06630134451485475,0.05918786338796573,25.279149648052446,25.339868401911524,0.9041987144484136,0.9168208681618806
