source,recipe,loss_mean,linear_utility_mean,linear_utility_min,linear_utility_max,abs_margin_mean,grad_norm_mean,grad_norm_max,t_min,t_mean,t_max,mask_delta,boundary_delta,outside_delta,interpretation
Exp30,frozen,0.6931505858898163,0.4999982982873917,0.49997058510780334,0.5000085830688477,2.8578052297234536e-05,0.2986026735762829,1.0291674751425297,0.24,0.465,0.69,-0.001068,-0.002821,-0.006340,utility essentially constant near 0.5
Exp30,ema,0.6931464791297912,0.5000003516674042,0.49999284744262695,0.5000050663948059,1.2780050747096539e-05,0.30134333519000756,1.0291811038318481,0.24,0.465,0.69,-0.001851,-0.003092,-0.006033,utility essentially constant near 0.5
Exp35,R1,0.6849_to_0.5742,0.500_to_0.563,,,,,22.086002754557143,,0.35,,0.75,-0.04861096201406878,-0.4239930689811642,-0.30788538316796754,stronger gradients but harmful local direction
Exp35,R2,0.6854_to_0.5751,0.500_to_0.563,,,,,22.138448072085303,,0.35,,0.75,-0.053909890988202536,-0.43423406028357603,-0.32110202504586005,stronger gradients but harmful local direction
Exp35,R3,0.6992_to_0.5704,0.500_to_0.567,,,,,22.17393074244216,,0.35,,0.75,-0.08145429555217598,-0.49305006983311583,-0.4190378161719277,winner anchor did not prevent heldout degradation

