{
  "L0": {
    "diag": {
      "boundary_area_ratio": 0.018034188076853752,
      "dpo_loss": 0.6931471824645996,
      "implicit_acc": 0.0,
      "loser_degradation_mean": 0.0,
      "loser_degrade_count": 0.0,
      "loser_dominant_ratio": 0.0,
      "loss": 0.695064902305603,
      "m_l": 0.022712964564561844,
      "m_l_ref": 0.022712964564561844,
      "m_w": 0.03835490718483925,
      "m_w_ref": 0.03835490718483925,
      "mask_area_ratio": 0.061367522925138474,
      "mse_l_over_ref_mse_l": 0.999955952167511,
      "mse_w_over_ref_mse_w": 0.9999739527702332,
      "n_correct": 0.0,
      "n_total": 1.0,
      "norm_lose_gap": 0.0,
      "norm_lose_gap_clipped": 0.0,
      "norm_win_gap": 0.0,
      "outside_area_ratio": 0.9205983281135559,
      "raw_lose_gap": 0.0,
      "raw_win_gap": 0.0,
      "region_weight_sum": 8488.7998046875,
      "winner_abs_reg": 0.03835490718483925,
      "winner_gap_reg": 0.0,
      "winner_improvement_mean": 0.0
    },
    "loss": 0.695064902305603,
    "policy_grad_norm": 14.379269412062548,
    "reference_has_grad": false,
    "status": "passed"
  },
  "L1": {
    "checkpoint": "/mnt/nas/hj/H20_Video_inpainting_DPO/logs/autoresearch/exp31_videopainter_2000step_longrun/exp31_vp_l0_l1_20260627_132158/one_step_run/checkpoint-1",
    "last_weights": "/mnt/nas/hj/H20_Video_inpainting_DPO/logs/autoresearch/exp31_videopainter_2000step_longrun/exp31_vp_l0_l1_20260627_132158/one_step_run/last_weights",
    "policy_delta_norm": 1.6732703166152714,
    "reference_delta_norm": 0.0,
    "reload_diag": {
      "boundary_area_ratio": 0.018034188076853752,
      "dpo_loss": 1.5281749963760376,
      "implicit_acc": 0.0,
      "loser_degradation_mean": 0.888876736164093,
      "loser_degrade_count": 0.0,
      "loser_dominant_ratio": 0.0,
      "loss": 2.0102181434631348,
      "m_l": 0.055248357355594635,
      "m_l_ref": 0.022712964564561844,
      "m_w": 0.06191977486014366,
      "m_w_ref": 0.03835490718483925,
      "mask_area_ratio": 0.061367522925138474,
      "mse_l_over_ref_mse_l": 2.432352066040039,
      "mse_w_over_ref_mse_w": 1.6143479347229004,
      "n_correct": 0.0,
      "n_total": 1.0,
      "norm_lose_gap": 0.888876736164093,
      "norm_lose_gap_clipped": 0.888876736164093,
      "norm_win_gap": 0.4789472222328186,
      "outside_area_ratio": 0.9205983281135559,
      "raw_lose_gap": 0.03253539279103279,
      "raw_win_gap": 0.023564867675304413,
      "region_weight_sum": 8488.7998046875,
      "winner_abs_reg": 0.06191977486014366,
      "winner_gap_reg": 0.4789472222328186,
      "winner_improvement_mean": 0.0
    },
    "reload_loss": 2.0102181434631348,
    "reload_max_abs_diff": 0.0,
    "reloaded_state_digest": "eb1494102d7f765ef52a43c1a4826272959f2a89a47a5bcd2c69e3d7ed531451",
    "saved_state_digest": "eb1494102d7f765ef52a43c1a4826272959f2a89a47a5bcd2c69e3d7ed531451",
    "status": "passed"
  },
  "cuda_visible_devices": "1",
  "frames": 49,
  "manifest": "/home/hj/runtime_code/H20_Video_inpainting_DPO_exp31_vp2000/exp26_videopainter_dpo_v2/manifests/vp2_gate64_primary32_final.jsonl",
  "official_optimizer_scheduler": {
    "adam_beta1": 0.9,
    "adam_beta2": 0.95,
    "adam_epsilon": 1e-08,
    "learning_rate": 0.0001,
    "lr_scheduler": "constant",
    "lr_warmup_steps": 500,
    "max_grad_norm": 1.0,
    "mixed_precision": null,
    "weight_decay": 0.0001
  },
  "pid": 1213830,
  "sample_id": "vp2_gate64_012_BLENDER_BEACH028_00003",
  "status": "passed"
}
