{
  "gate_summaries": [
    {
      "blockers": "full_psnr -5.83313 < 0.08; mask_psnr -4.67449 < 0.05; boundary_psnr -4.70094 < -0.02; outside_psnr -7.59409 < -0.02; LPIPS delta nan > 0.001; Ewarp delta 0.646084 > 0.05; visual review pending; no metric-only promotion",
      "ci95_hi_delta_boundary_psnr": -3.125022801044834,
      "ci95_hi_delta_ewarp": 0.9879718279165672,
      "ci95_hi_delta_full_lpips": NaN,
      "ci95_hi_delta_full_psnr": -3.973504161973143,
      "ci95_hi_delta_mask_psnr": -3.03349469161575,
      "ci95_hi_delta_outside_psnr": -5.183994901766563,
      "ci95_hi_delta_temporal_diff_mae": 1.239533804102878,
      "ci95_lo_delta_boundary_psnr": -6.397735236270115,
      "ci95_lo_delta_ewarp": 0.36306180530658594,
      "ci95_lo_delta_full_lpips": NaN,
      "ci95_lo_delta_full_psnr": -7.874025050844909,
      "ci95_lo_delta_mask_psnr": -6.65749869688922,
      "ci95_lo_delta_outside_psnr": -10.25673247161873,
      "ci95_lo_delta_temporal_diff_mae": 0.6500981899987286,
      "gate_pass": false,
      "mean_delta_boundary_psnr": -4.700944147600658,
      "mean_delta_ewarp": 0.6460841968352801,
      "mean_delta_full_lpips": NaN,
      "mean_delta_full_psnr": -5.833128230661999,
      "mean_delta_mask_psnr": -4.674487775418862,
      "mean_delta_outside_psnr": -7.594088453813615,
      "mean_delta_temporal_diff_mae": 0.9358525502805909,
      "n": 24,
      "recipe": "SFT-A",
      "run_id": "SFT-A_lr3em5_step30",
      "split": "search",
      "target_step": 30,
      "visual_better_fraction": 0.0,
      "visual_review_completed": false,
      "visual_worse_fraction": 0.0,
      "win_rate_boundary_psnr": 0.041666666666666664,
      "win_rate_full_psnr": 0.0,
      "win_rate_mask_psnr": 0.08333333333333333,
      "win_rate_outside_psnr": 0.0
    },
    {
      "blockers": "full_psnr -6.5506 < 0.08; mask_psnr -4.22319 < 0.05; boundary_psnr -5.37346 < -0.02; outside_psnr -8.45319 < -0.02; LPIPS delta nan > 0.001; Ewarp delta 0.593402 > 0.05; visual review pending; no metric-only promotion",
      "ci95_hi_delta_boundary_psnr": -3.9252535961611783,
      "ci95_hi_delta_ewarp": 1.297581981351451,
      "ci95_hi_delta_full_lpips": NaN,
      "ci95_hi_delta_full_psnr": -4.794255969698835,
      "ci95_hi_delta_mask_psnr": -2.8493940262609687,
      "ci95_hi_delta_outside_psnr": -6.598337197122432,
      "ci95_hi_delta_temporal_diff_mae": 1.2497926754556827,
      "ci95_lo_delta_boundary_psnr": -6.898776980742283,
      "ci95_lo_delta_ewarp": 0.18481909339650807,
      "ci95_lo_delta_full_lpips": NaN,
      "ci95_lo_delta_full_psnr": -8.476127621538438,
      "ci95_lo_delta_mask_psnr": -5.735121683738222,
      "ci95_lo_delta_outside_psnr": -10.37715891866917,
      "ci95_lo_delta_temporal_diff_mae": 0.508240684835861,
      "gate_pass": false,
      "mean_delta_boundary_psnr": -5.373455771430662,
      "mean_delta_ewarp": 0.5934015673112469,
      "mean_delta_full_lpips": NaN,
      "mean_delta_full_psnr": -6.55060498000691,
      "mean_delta_mask_psnr": -4.223185495799285,
      "mean_delta_outside_psnr": -8.45318893655187,
      "mean_delta_temporal_diff_mae": 0.853355257306248,
      "n": 24,
      "recipe": "SFT-A",
      "run_id": "SFT-A_lr3em5_step30",
      "split": "shadow",
      "target_step": 30,
      "visual_better_fraction": 0.0,
      "visual_review_completed": false,
      "visual_worse_fraction": 0.0,
      "win_rate_boundary_psnr": 0.041666666666666664,
      "win_rate_full_psnr": 0.041666666666666664,
      "win_rate_mask_psnr": 0.0,
      "win_rate_outside_psnr": 0.041666666666666664
    }
  ],
  "metric_rows": 48,
  "promotion_rule": "No PASS/POSITIVE without completed visual review.",
  "status": "H20_EXP43_SFT_PARETO_MIXED",
  "visual_rows": 48
}
