run_id,recipe,split,n,mean_delta_full_psnr,ci95_lo_delta_full_psnr,ci95_hi_delta_full_psnr,win_rate_full_psnr,mean_delta_mask_psnr,ci95_lo_delta_mask_psnr,ci95_hi_delta_mask_psnr,win_rate_mask_psnr,mean_delta_boundary_psnr,ci95_lo_delta_boundary_psnr,ci95_hi_delta_boundary_psnr,win_rate_boundary_psnr,mean_delta_outside_psnr,ci95_lo_delta_outside_psnr,ci95_hi_delta_outside_psnr,win_rate_outside_psnr,mean_delta_full_lpips,ci95_lo_delta_full_lpips,ci95_hi_delta_full_lpips,mean_delta_ewarp,ci95_lo_delta_ewarp,ci95_hi_delta_ewarp,mean_delta_temporal_diff_mae,ci95_lo_delta_temporal_diff_mae,ci95_hi_delta_temporal_diff_mae,visual_review_completed,visual_worse_fraction,visual_better_fraction
SFT-A_lr3em5_step30,SFT-A,search,24,-5.833128230661999,-7.874025050844909,-3.973504161973143,0.0,-4.674487775418862,-6.65749869688922,-3.03349469161575,0.08333333333333333,-4.700944147600658,-6.397735236270115,-3.125022801044834,0.041666666666666664,-7.594088453813615,-10.25673247161873,-5.183994901766563,0.0,nan,nan,nan,0.6460841968352801,0.36306180530658594,0.9879718279165672,0.9358525502805909,0.6500981899987286,1.239533804102878,False,0.0,0.0
SFT-A_lr3em5_step30,SFT-A,shadow,24,-6.55060498000691,-8.476127621538438,-4.794255969698835,0.041666666666666664,-4.223185495799285,-5.735121683738222,-2.8493940262609687,0.0,-5.373455771430662,-6.898776980742283,-3.9252535961611783,0.041666666666666664,-8.45318893655187,-10.37715891866917,-6.598337197122432,0.041666666666666664,nan,nan,nan,0.5934015673112469,0.18481909339650807,1.297581981351451,0.853355257306248,0.508240684835861,1.2497926754556827,False,0.0,0.0
