rank,rank_score,wave,cell,status,full_psnr_delta,object_psnr_delta,overlap_psnr_delta,affected_psnr_delta,boundary_psnr_delta,outside_psnr_delta,visual_counts,aggregator_consider
1,-0.4641112237802698,wave1,R4_Q2_T500_S0,MIXED,0.07416340506914754,-0.38115804781979534,-0.23941022113375787,0.10638174315973004,-0.0680473432056381,0.09715011172990895,"{""better"": 0, ""tie"": 0, ""worse"": 4}",mixed_diagnostic_only
2,-0.697138228145616,wave2,R3_Q1_T500_S0,MIXED,-0.017273154354025877,-0.30527698189528696,-0.36354834205761843,-0.07465429558942738,-0.05622012605315074,0.08250752400917971,"{""better"": 0, ""tie"": 1, ""worse"": 3}",no
3,-0.9396557224998445,wave1,R3_Q2_T500_S0,MIXED,-0.015165371143335271,-0.44249164141021247,-0.406249220744197,-0.1379682013473298,-0.09953764966347833,0.09277226113504344,"{""better"": 0, ""tie"": 0, ""worse"": 4}",no
4,-1.1410144349545996,wave2,R4_Q1_T500_S0,MIXED,-0.039454750862677024,-0.510154423430393,-0.4883679421389342,-0.1723907602591872,-0.10596472907034382,0.08912279067734197,"{""better"": 0, ""tie"": 0, ""worse"": 4}",no
