lane,cell,object_psnr_delta,overlap_psnr_delta,affected_psnr_delta,boundary_psnr_delta,outside_psnr_delta,status
H20,R1_Q2_T500_S0,0.803854686736039,-0.1270503959026188,-0.06949854520529275,-0.05240463358895919,0.04976362553945268,MIXED_UNSAFE
H20,R2_Q2_T500_S0,0.933518103563789,-0.2237754506799705,-0.1712832439061751,-0.06554693612772855,0.053105031619166354,MIXED_UNSAFE
PAI,R4_Q2_T500_S0,-0.38115804781979534,-0.23941022113375787,0.10638174315973004,-0.0680473432056381,0.09715011172990895,MIXED_UNSAFE
PAI,R3_Q1_T500_S0,-0.30527698189528696,-0.36354834205761843,-0.07465429558942738,-0.05622012605315074,0.08250752400917971,MIXED_UNSAFE
PAI,R3_Q2_T500_S0,-0.44249164141021247,-0.406249220744197,-0.1379682013473298,-0.09953764966347833,0.09277226113504344,MIXED_UNSAFE
PAI,R4_Q1_T500_S0,-0.510154423430393,-0.4883679421389342,-0.1723907602591872,-0.10596472907034382,0.08912279067734197,MIXED_UNSAFE
