{
  "better": 0,
  "ewarp_available": false,
  "lpips_available": false,
  "mean": {
    "boundary_damage_l1": 4.290715498228868,
    "delta_affected_psnr": -0.22431139719054372,
    "delta_boundary_psnr": -0.31095650138163045,
    "delta_flicker": 0.003961209207773209,
    "delta_full_psnr": -0.025049250772261722,
    "delta_mask_psnr": -0.5134239943883463,
    "delta_outside_l1": 0.005372479557991139,
    "delta_outside_psnr": 0.028254514020692234,
    "delta_ssim": -0.00012960409124693206,
    "frame_count": 24.0,
    "outside_diff_l1": 2.0883323587477207,
    "pixel_diff_l1": 2.2335687652230263,
    "step0_affected_psnr": 29.191655186384253,
    "step0_boundary_psnr": 29.392741538091176,
    "step0_flicker": 0.6487411074340343,
    "step0_full_psnr": 32.901765233377446,
    "step0_mask_psnr": 29.653958913084278,
    "step0_outside_l1": 3.806978116432825,
    "step0_outside_psnr": 33.777611607816176,
    "step0_ssim": 0.9882716325422128,
    "step1_affected_psnr": 28.96734378919371,
    "step1_boundary_psnr": 29.081785036709544,
    "step1_flicker": 0.6527023166418076,
    "step1_full_psnr": 32.87671598260518,
    "step1_mask_psnr": 29.14053491869593,
    "step1_outside_l1": 3.8123505959908166,
    "step1_outside_psnr": 33.80586612183687,
    "step1_ssim": 0.9881420284509659
  },
  "no_collapse": true,
  "no_nan_inf": true,
  "review_count": 4,
  "rows": [
    {
      "boundary_damage_l1": 1.1154253681500752,
      "classification": "ONE_STEP_SAFE_TIE_LOCAL_SIGNAL",
      "delta_affected_psnr": -0.17436815473801204,
      "delta_boundary_psnr": -0.10754528356395099,
      "delta_flicker": 0.004697039723396301,
      "delta_full_psnr": -0.004429898486954187,
      "delta_mask_psnr": 0.1750868650784696,
      "delta_outside_l1": 0.0006250540415444483,
      "delta_outside_psnr": 0.0002850761801695967,
      "delta_ssim": -1.7940998077392578e-05,
      "frame_count": 24,
      "outside_diff_l1": 1.052238514026006,
      "pixel_diff_l1": 1.0533087700605392,
      "sample_id": "BLENDER_CON001_00742",
      "step0_affected_psnr": 33.29750607326881,
      "step0_boundary_psnr": 33.41471405446609,
      "step0_flicker": 0.12414935231208801,
      "step0_full_psnr": 35.367401418761744,
      "step0_mask_psnr": 36.10607407290919,
      "step0_outside_l1": 2.4282011687755585,
      "step0_outside_psnr": 35.412881095263415,
      "step0_ssim": 0.9943794906139374,
      "step1_affected_psnr": 33.1231379185308,
      "step1_boundary_psnr": 33.30716877090214,
      "step1_flicker": 0.12884639203548431,
      "step1_full_psnr": 35.36297152027479,
      "step1_mask_psnr": 36.28116093798766,
      "step1_outside_l1": 2.428826222817103,
      "step1_outside_psnr": 35.413166171443585,
      "step1_ssim": 0.99436154961586
    },
    {
      "boundary_damage_l1": 2.9286574522654214,
      "classification": "ONE_STEP_METRIC_WORSE",
      "delta_affected_psnr": -0.24838794530818475,
      "delta_boundary_psnr": -0.32906296238719435,
      "delta_flicker": -0.006752073764801025,
      "delta_full_psnr": -0.052780020424549434,
      "delta_mask_psnr": -0.36273779716711374,
      "delta_outside_l1": 0.020275533199310303,
      "delta_outside_psnr": -0.007564457708653549,
      "delta_ssim": -0.00011316935221350466,
      "frame_count": 24,
      "outside_diff_l1": 1.443058689435323,
      "pixel_diff_l1": 1.5024952789147694,
      "sample_id": "BLENDER_CON001_00744",
      "step0_affected_psnr": 29.17574975833155,
      "step0_boundary_psnr": 29.207714588637586,
      "step0_flicker": 0.1354665905237198,
      "step0_full_psnr": 34.762312668502936,
      "step0_mask_psnr": 24.67461363234824,
      "step0_outside_l1": 2.419292608896891,
      "step0_outside_psnr": 35.342943988589404,
      "step0_ssim": 0.9933746407429377,
      "step1_affected_psnr": 28.927361813023364,
      "step1_boundary_psnr": 28.87865162625039,
      "step1_flicker": 0.12871451675891876,
      "step1_full_psnr": 34.70953264807839,
      "step1_mask_psnr": 24.311875835181127,
      "step1_outside_l1": 2.4395681420962014,
      "step1_outside_psnr": 35.33537953088075,
      "step1_ssim": 0.9932614713907242
    },
    {
      "boundary_damage_l1": 4.358469794193904,
      "classification": "ONE_STEP_SAFE_TIE",
      "delta_affected_psnr": -0.45925265808403637,
      "delta_boundary_psnr": -0.4515672532025796,
      "delta_flicker": 0.0171968936920166,
      "delta_full_psnr": 0.01357977054661319,
      "delta_mask_psnr": -0.7555220778977407,
      "delta_outside_l1": -0.09342827399571707,
      "delta_outside_psnr": 0.22605220924210556,
      "delta_ssim": -2.481788396835327e-05,
      "frame_count": 24,
      "outside_diff_l1": 1.4610921988884609,
      "pixel_diff_l1": 1.6515807658433914,
      "sample_id": "REAL_ENV102_00001_002_02",
      "step0_affected_psnr": 30.07922790280045,
      "step0_boundary_psnr": 31.157368287242672,
      "step0_flicker": 1.3431893587112427,
      "step0_full_psnr": 34.783910530854364,
      "step0_mask_psnr": 31.85525416548387,
      "step0_outside_l1": 3.188560555378596,
      "step0_outside_psnr": 35.843907607038375,
      "step0_ssim": 0.9978145559628805,
      "step1_affected_psnr": 29.619975244716414,
      "step1_boundary_psnr": 30.705801034040093,
      "step1_flicker": 1.3603862524032593,
      "step1_full_psnr": 34.79749030140098,
      "step1_mask_psnr": 31.09973208758613,
      "step1_outside_l1": 3.0951322813828788,
      "step1_outside_psnr": 36.06995981628048,
      "step1_ssim": 0.9977897380789121
    },
    {
      "boundary_damage_l1": 8.76030937830607,
      "classification": "ONE_STEP_METRIC_WORSE",
      "delta_affected_psnr": -0.0152368306319417,
      "delta_boundary_psnr": -0.3556505063727968,
      "delta_flicker": 0.000702977180480957,
      "delta_full_psnr": -0.05656685472415646,
      "delta_mask_psnr": -1.1105229675670003,
      "delta_outside_l1": 0.09401760498682687,
      "delta_outside_psnr": -0.10575477163085267,
      "delta_ssim": -0.00036248813072847774,
      "frame_count": 24,
      "outside_diff_l1": 4.396940032641093,
      "pixel_diff_l1": 4.726890246073405,
      "sample_id": "REAL_ENV200_00001_006_02",
      "step0_affected_psnr": 24.2141370111362,
      "step0_boundary_psnr": 23.79116922201835,
      "step0_flicker": 0.9921591281890869,
      "step0_full_psnr": 26.693436315390716,
      "step0_mask_psnr": 25.97989378159581,
      "step0_outside_l1": 7.191858132680257,
      "step0_outside_psnr": 28.510713740373518,
      "step0_ssim": 0.9675178428490957,
      "step1_affected_psnr": 24.198900180504257,
      "step1_boundary_psnr": 23.435518715645554,
      "step1_flicker": 0.9928621053695679,
      "step1_full_psnr": 26.63686946066656,
      "step1_mask_psnr": 24.86937081402881,
      "step1_outside_l1": 7.285875737667084,
      "step1_outside_psnr": 28.404958968742665,
      "step1_ssim": 0.9671553547183672
    }
  ],
  "status": "VOID_ONE_STEP_PARETO_MIXED",
  "step1_diff_nonzero_small": false,
  "tc_available": false,
  "ten_step_unlocked": false,
  "tie": 2,
  "time": "2026-07-01T01:04:09+08:00",
  "visual_better": 0,
  "visual_review_note": "Codex opened all 4 temporal evidence sheets with view_image; 2 tie, 2 worse/mixed; no collapse; one-step remains PARETO_MIXED.",
  "visual_tie": 2,
  "visual_worse": 2,
  "worse": 2
}
