metric,cached,uncached,abs_diff
winner_policy_loss,0.07053755223751068,0.07053755223751068,0.0
winner_reference_loss,0.0703125,0.07053755223751068,0.00022505223751068115
loser_policy_loss,0.09228052198886871,0.09228052198886871,0.0
loser_reference_loss,0.09228515625,0.09228052198886871,4.634261131286621e-06
winner_gap,-0.00022505223751068115,0.0,0.00022505223751068115
loser_gap,4.634261131286621e-06,0.0,4.634261131286621e-06
preference_margin,-0.00022968649864196777,0.0,0.00022968649864196777
loss,0.696151077747345,0.6961396336555481,1.1444091796875e-05
