{
  "better": 0,
  "ewarp_available": false,
  "lpips_available": false,
  "mean": {
    "boundary_damage_l1": 3.153606643279393,
    "delta_affected_psnr": -0.006237220313621172,
    "delta_boundary_psnr": -0.03589884846821345,
    "delta_flicker": 0.013193015980979703,
    "delta_full_psnr": 0.03548423994433492,
    "delta_mask_psnr": -0.07804608029870153,
    "delta_outside_l1": -0.036733515560627095,
    "delta_outside_psnr": 0.061493478316156036,
    "delta_ssim": -0.0009619907613792889,
    "frame_count": 24.0,
    "outside_diff_l1": 2.1802650777002173,
    "pixel_diff_l1": 2.310697190463543,
    "step0_affected_psnr": 26.698093768606523,
    "step0_boundary_psnr": 29.351741064513103,
    "step0_flicker": 0.6487411282268231,
    "step0_full_psnr": 32.901765171180976,
    "step0_mask_psnr": 29.520812501619055,
    "step0_outside_l1": 3.986208997666836,
    "step0_outside_psnr": 33.54015861741458,
    "step0_ssim": 0.8633584272249877,
    "step1_affected_psnr": 26.691856548292904,
    "step1_boundary_psnr": 29.31584221604489,
    "step1_flicker": 0.6619341442078028,
    "step1_full_psnr": 32.93724941112531,
    "step1_mask_psnr": 29.442766421320357,
    "step1_outside_l1": 3.949475482106209,
    "step1_outside_psnr": 33.601652095730735,
    "step1_ssim": 0.8623964364636084
  },
  "no_collapse": true,
  "no_nan_inf": true,
  "output_root": "/home/nvme01/H20_Video_inpainting_DPO/logs/autoresearch/exp50_pai_void_adapter_feasibility/one_step_heldout_evidence_h20_retry7",
  "review_count": 4,
  "rows": [
    {
      "boundary_damage_l1": 2.265369345744451,
      "classification": "ONE_STEP_SAFE_TIE",
      "condition": "/home/nvme01/H20_Video_inpainting_DPO/logs/autoresearch/exp50_pai_void_adapter_feasibility/one_step_heldout_evidence_h20_retry7/evidence/BLENDER_CON001_00742/condition.mp4",
      "delta_affected_psnr": 0.01051479392651089,
      "delta_boundary_psnr": 0.13680675685324672,
      "delta_flicker": 0.007138487761435303,
      "delta_full_psnr": 0.009783085285995696,
      "delta_mask_psnr": -0.03916602950518211,
      "delta_outside_l1": -0.02648710211118077,
      "delta_outside_psnr": 0.011096223188758358,
      "delta_ssim": 0.0047598184475785565,
      "evidence_dir": "/home/nvme01/H20_Video_inpainting_DPO/logs/autoresearch/exp50_pai_void_adapter_feasibility/one_step_heldout_evidence_h20_retry7/evidence/BLENDER_CON001_00742",
      "frame_count": 24,
      "outside_diff_l1": 1.319975013534228,
      "pixel_diff_l1": 1.3375073571999867,
      "quadmask": "/home/nvme01/H20_Video_inpainting_DPO/logs/autoresearch/exp50_pai_void_adapter_feasibility/one_step_heldout_evidence_h20_retry7/evidence/BLENDER_CON001_00742/quadmask.mp4",
      "sample_id": "BLENDER_CON001_00742",
      "step0_affected_psnr": 29.52011845320219,
      "step0_boundary_psnr": 31.44875261244157,
      "step0_flicker": 0.12414935417473316,
      "step0_full_psnr": 35.367401418761744,
      "step0_mask_psnr": 33.69768847207673,
      "step0_outside_l1": 2.428583105405172,
      "step0_outside_psnr": 35.415302305698795,
      "step0_raw": "/home/nvme01/H20_Video_inpainting_DPO/experiments/dpo/exp50_pai_void_adapter_feasibility/f2_vor_gate8_pass1/BLENDER_CON001_00742-fg=-1-0001.mp4",
      "step0_ssim": 0.8851997797614984,
      "step1_affected_psnr": 29.5306332471287,
      "step1_boundary_psnr": 31.585559369294817,
      "step1_flicker": 0.13128784193616846,
      "step1_full_psnr": 35.37718450404774,
      "step1_mask_psnr": 33.658522442571545,
      "step1_outside_l1": 2.402096003293991,
      "step1_outside_psnr": 35.42639852888755,
      "step1_raw": "/home/nvme01/H20_Video_inpainting_DPO/logs/autoresearch/exp50_pai_void_adapter_feasibility/one_step_heldout_evidence_h20_retry7/step1_gpu2/BLENDER_CON001_00742-fg=-1-0001.mp4",
      "step1_ssim": 0.889959598209077,
      "winner": "/home/nvme01/H20_Video_inpainting_DPO/logs/autoresearch/exp50_pai_void_adapter_feasibility/one_step_heldout_evidence_h20_retry7/evidence/BLENDER_CON001_00742/winner.mp4"
    },
    {
      "boundary_damage_l1": 3.0770247677961984,
      "classification": "ONE_STEP_SAFE_TIE_LOCAL_SIGNAL",
      "condition": "/home/nvme01/H20_Video_inpainting_DPO/logs/autoresearch/exp50_pai_void_adapter_feasibility/one_step_heldout_evidence_h20_retry7/evidence/BLENDER_CON001_00744/condition.mp4",
      "delta_affected_psnr": 0.040345222746168474,
      "delta_boundary_psnr": 0.05794983523203001,
      "delta_flicker": -0.002804164329300779,
      "delta_full_psnr": -0.01032471629143572,
      "delta_mask_psnr": 0.05553570421166398,
      "delta_outside_l1": 0.021557430426279556,
      "delta_outside_psnr": -0.015818798728794548,
      "delta_ssim": -0.005326245533030183,
      "evidence_dir": "/home/nvme01/H20_Video_inpainting_DPO/logs/autoresearch/exp50_pai_void_adapter_feasibility/one_step_heldout_evidence_h20_retry7/evidence/BLENDER_CON001_00744",
      "frame_count": 24,
      "outside_diff_l1": 1.4352929045756657,
      "pixel_diff_l1": 1.488256926337878,
      "quadmask": "/home/nvme01/H20_Video_inpainting_DPO/logs/autoresearch/exp50_pai_void_adapter_feasibility/one_step_heldout_evidence_h20_retry7/evidence/BLENDER_CON001_00744/quadmask.mp4",
      "sample_id": "BLENDER_CON001_00744",
      "step0_affected_psnr": 23.67114529319852,
      "step0_boundary_psnr": 28.07318731123957,
      "step0_flicker": 0.1354665957067324,
      "step0_full_psnr": 34.76231258950947,
      "step0_mask_psnr": 28.84733733805461,
      "step0_outside_l1": 2.419863849878311,
      "step0_outside_psnr": 35.338871416922395,
      "step0_raw": "/home/nvme01/H20_Video_inpainting_DPO/experiments/dpo/exp50_pai_void_adapter_feasibility/f2_vor_gate8_pass1/BLENDER_CON001_00744-fg=-1-0001.mp4",
      "step0_ssim": 0.8868228115093683,
      "step1_affected_psnr": 23.71149051594469,
      "step1_boundary_psnr": 28.1311371464716,
      "step1_flicker": 0.1326624313774316,
      "step1_full_psnr": 34.751987873218035,
      "step1_mask_psnr": 28.902873042266275,
      "step1_outside_l1": 2.4414212803045907,
      "step1_outside_psnr": 35.3230526181936,
      "step1_raw": "/home/nvme01/H20_Video_inpainting_DPO/logs/autoresearch/exp50_pai_void_adapter_feasibility/one_step_heldout_evidence_h20_retry7/step1_gpu3/BLENDER_CON001_00744-fg=-1-0001.mp4",
      "step1_ssim": 0.8814965659763381,
      "winner": "/home/nvme01/H20_Video_inpainting_DPO/logs/autoresearch/exp50_pai_void_adapter_feasibility/one_step_heldout_evidence_h20_retry7/evidence/BLENDER_CON001_00744/winner.mp4"
    },
    {
      "boundary_damage_l1": 2.4609642326831818,
      "classification": "ONE_STEP_SAFE_TIE",
      "condition": "/home/nvme01/H20_Video_inpainting_DPO/logs/autoresearch/exp50_pai_void_adapter_feasibility/one_step_heldout_evidence_h20_retry7/evidence/REAL_ENV102_00001_002_02/condition.mp4",
      "delta_affected_psnr": -0.03454024216672025,
      "delta_boundary_psnr": -0.27710604464747846,
      "delta_flicker": 0.02201494639334478,
      "delta_full_psnr": 0.20391819115059207,
      "delta_mask_psnr": -0.1360053898378979,
      "delta_outside_l1": -0.18943895896275853,
      "delta_outside_psnr": 0.3033625082272877,
      "delta_ssim": -0.0002729116962334466,
      "evidence_dir": "/home/nvme01/H20_Video_inpainting_DPO/logs/autoresearch/exp50_pai_void_adapter_feasibility/one_step_heldout_evidence_h20_retry7/evidence/REAL_ENV102_00001_002_02",
      "frame_count": 24,
      "outside_diff_l1": 1.5739312519629796,
      "pixel_diff_l1": 1.7081448584794998,
      "quadmask": "/home/nvme01/H20_Video_inpainting_DPO/logs/autoresearch/exp50_pai_void_adapter_feasibility/one_step_heldout_evidence_h20_retry7/evidence/REAL_ENV102_00001_002_02/quadmask.mp4",
      "sample_id": "REAL_ENV102_00001_002_02",
      "step0_affected_psnr": 28.46606235249651,
      "step0_boundary_psnr": 31.322176577868458,
      "step0_flicker": 1.343189426738283,
      "step0_full_psnr": 34.783910530854364,
      "step0_mask_psnr": 32.40143406876417,
      "step0_outside_l1": 3.197689414024353,