{
  "branch_base": "research/exp50-pai-void-adapter-feasibility-20260630",
  "exp50_head": "3aa65c53b2bd53e69e7a2d9528d9127a21849d66",
  "final_loser_gap": -0.0009929761290550232,
  "final_preference_margin": 0.0010655783116817474,
  "final_winner_gap": 7.260218262672424e-05,
  "interpretation": "Exp50 negative is recipe/objective-specific: margin grew mostly by increasing loser loss, while heldout local regions did not improve enough.",
  "loser_abs_policy_minus_reference_last": 0.0009929761290550232,
  "loser_margin_share": 0.9318659343655935,
  "loss_delta": -5.328655242919922e-05,
  "loss_end": 0.6930938959121704,
  "loss_start": 0.6931471824645996,
  "margin_delta": 0.0010655783116817474,
  "margin_end": 0.0010655783116817474,
  "margin_start": 0.0,
  "metric_mean": {
    "boundary_damage_l1": 3.205865018069744,
    "delta_affected_psnr": 0.01934061651387431,
    "delta_boundary_psnr": -0.06303431007626781,
    "delta_flicker": 0.026447199285030365,
    "delta_full_psnr": -0.0009652339261512211,
    "delta_mask_psnr": -0.22987799889405647,
    "delta_outside_l1": -0.010609815518061505,
    "delta_outside_psnr": 0.043421852091388935,
    "delta_ssim": -0.00234073665851095,
    "frame_count": 24.0,
    "outside_diff_l1": 2.26158831641078,
    "pixel_diff_l1": 2.3953497235973673,
    "step0_affected_psnr": 26.698093768606523,
    "step0_boundary_psnr": 29.351741064513103,
    "step0_flicker": 0.6487411074340343,
    "step0_full_psnr": 32.901765171180976,
    "step0_mask_psnr": 29.520812501619055,
    "step0_outside_l1": 3.986208997666836,
    "step0_outside_psnr": 33.54015861741458,
    "step0_ssim": 0.8633584272249877,
    "step10_affected_psnr": 26.7174343851204,
    "step10_boundary_psnr": 29.288706754436838,
    "step10_flicker": 0.6751883067190647,
    "step10_full_psnr": 32.900799937254824,
    "step10_mask_psnr": 29.290934502725,
    "step10_outside_l1": 3.975599182148774,
    "step10_outside_psnr": 33.58358046950597,
    "step10_ssim": 0.8610176905664768
  },
  "most_damaged_delta": -0.22987799889405647,
  "most_damaged_region": "mask_psnr",
  "no_collapse": true,
  "outside_safe": true,
  "status": "VOID_LOSER_DOMINANT_CONFIRMED",
  "steps": 10,
  "time": "2026-07-01T10:33:01+08:00",
  "visual_better_tie_worse": [
    0,
    3,
    1
  ],
  "winner_abs_policy_minus_reference_last": -7.260218262672424e-05,
  "winner_margin_share": 0.0681340656344065,
  "zero_gap_reference_correctness": true
}
