{
  "rows": 201,
  "first_step": "1",
  "last_step": "2000",
  "labels": [
    "DPO_SATURATED",
    "LOSER_DOMINANT",
    "GRAD_SPIKE_OBSERVED"
  ],
  "stats": {
    "loss": {
      "mean": 0.07906363235754123,
      "last": 0.09463709592819214,
      "min": 0.0017733988352119923,
      "max": 0.7056674361228943
    },
    "dpo_loss": {
      "mean": 0.07199589818668556,
      "last": 0.08546095341444016,
      "min": 3.24712491419632e-05,
      "max": 0.6931471824645996
    },
    "implicit_acc": {
      "mean": 0.9950248756218906,
      "last": 1.0,
      "min": 0.0,
      "max": 1.0
    },
    "m_w": {
      "mean": 0.1413546832862185,
      "last": 0.18352290987968445,
      "min": 0.03452958166599274,
      "max": 0.8866956830024719
    },
    "m_l": {
      "mean": 0.20495690642601222,
      "last": 0.22203655540943146,
      "min": 0.05386187508702278,
      "max": 1.2488901615142822
    },
    "m_w_ref": {
      "mean": 0.3261967545643968,
      "last": 0.3263717591762543,
      "min": 0.12482856959104538,
      "max": 1.205747365951538
    },
    "m_l_ref": {
      "mean": 0.337226646827228,
      "last": 0.32127436995506287,
      "min": 0.1375904679298401,
      "max": 1.1774448156356812
    },
    "raw_win_gap": {
      "mean": -0.18484207190832688,
      "last": -0.14284884929656982,
      "min": -0.6033854484558105,
      "max": 0.0
    },
    "raw_lose_gap": {
      "mean": -0.13226974088309415,
      "last": -0.09923781454563141,
      "min": -0.6000068187713623,
      "max": 0.5227136611938477
    },
    "norm_win_gap": {
      "mean": -0.9987009163501103,
      "last": -0.5756952166557312,
      "min": -2.486046075820923,
      "max": 0.0
    },
    "norm_lose_gap": {
      "mean": -0.624132793081637,
      "last": -0.3694521188735962,
      "min": -2.2248008251190186,
      "max": 0.9248322248458862
    },
    "norm_lose_gap_clipped": {
      "mean": -0.624132793081637,
      "last": -0.3694521188735962,
      "min": -2.2248008251190186,
      "max": 0.9248322248458862
    },
    "winner_abs_reg": {
      "mean": 0.1413546832862185,
      "last": 0.18352290987968445,
      "min": 0.03452958166599274,
      "max": 0.8866956830024719
    },
    "winner_gap_reg": {
      "mean": 0.0,
      "last": 0.0,
      "min": 0.0,
      "max": 0.0
    },
    "mse_w_over_ref_mse_w": {
      "mean": 0.42691366393026425,
      "last": 0.5623106956481934,
      "min": 0.08323691040277481,
      "max": 0.9999959468841553
    },
    "mse_l_over_ref_mse_l": {
      "mean": 0.6398363682390446,
      "last": 0.6911097764968872,
      "min": 0.10808714479207993,
      "max": 2.521442174911499
    },
    "loser_dominant_ratio": {
      "mean": 0.8407960199004975,
      "last": 1.0,
      "min": 0.0,
      "max": 1.0
    },
    "grad_norm": {
      "mean": 2.9522844945488567,
      "last": 3.4565682986356974,
      "min": 0.02726392794674195,
      "max": 80.32125243021136
    },
    "mask_area_ratio": {
      "mean": 0.1903860326578368,
      "last": 0.16750000417232513,
      "min": 0.151157408952713,
      "max": 0.33763888478279114
    },
    "boundary_area_ratio": {
      "mean": 0.026550580362849567,
      "last": 0.026249999180436134,
      "min": 0.02162037044763565,
      "max": 0.03402777761220932
    },
    "outside_area_ratio": {
      "mean": 0.7830633868032427,
      "last": 0.8062499761581421,
      "min": 0.6340277791023254,
      "max": 0.8260185122489929
    },
    "region_weight_sum": {
      "mean": 5388.165833430504,
      "last": 4913.99951171875,
      "min": 4527.849609375,
      "max": 8436.75
    }
  }
}
