experiment,first_step,last_step,l_dpo_first,l_dpo_last,l_dpo_delta,l_dpo_first_step,l_dpo_last_step,implicit_acc_first,implicit_acc_last,implicit_acc_delta,implicit_acc_first_step,implicit_acc_last_step,win_gap_first,win_gap_last,win_gap_delta,win_gap_first_step,win_gap_last_step,lose_gap_first,lose_gap_last,lose_gap_delta,lose_gap_first_step,lose_gap_last_step,mse_w_first,mse_w_last,mse_w_delta,mse_w_first_step,mse_w_last_step,mse_l_first,mse_l_last,mse_l_delta,mse_l_first_step,mse_l_last_step,ref_mse_w_first,ref_mse_w_last,ref_mse_w_delta,ref_mse_w_first_step,ref_mse_w_last_step,ref_mse_l_first,ref_mse_l_last,ref_mse_l_delta,ref_mse_l_first_step,ref_mse_l_last_step,psnr_first,psnr_last,psnr_best,ssim_first,ssim_last,ssim_best
DiffDPO_loss,1,9900,0.694824,0.0,-0.694824,1,9900,0.429688,1.0,0.5703119999999999,1,9900,1.5e-05,0.753472,0.753457,1,9900,2e-06,0.985496,0.9854940000000001,1,9900,0.123636,0.777629,0.653993,1,9900,0.15643,1.007462,0.851032,1,9900,0.123622,0.024157,-0.099465,1,9900,0.156428,0.021967,-0.134461,1,9900,20.455,14.7542,20.455,0.7779,0.5737,0.7779
DiffDPO_no_lose_gap,1,9900,0.693042,0.689204,-0.003838000000000008,1,9900,0.9875,1.0,0.012499999999999956,1,9900,-4.2e-05,-0.001581,-0.001539,1,9900,0.000195,0.003557,0.003362,1,9900,0.022386,0.005808,-0.016578,1,9900,0.169708,0.034778,-0.13493,1,9900,0.022428,0.007389,-0.015039,1,9900,0.169512,0.031221,-0.138291,1,9900,24.1625,24.1936,24.1946,0.8658,0.8665,0.8666
VideoDPO_open_source,0,9999,0.698669,0.178772,-0.519897,0,9999,0.546875,0.9375,0.390625,0,9999,-1e-05,0.001535,0.001545,0,9999,1.2e-05,0.002412,0.0024000000000000002,0,9999,0.013123,0.008641,-0.004482,0,9999,0.026521,0.019358,-0.007162999999999999,0,9999,0.013134,0.007106,-0.0060279999999999995,0,9999,0.02651,0.016947,-0.009562999999999999,0,9999,,,,,,
VideoDPO_on_VideoInpainting_data,0,6101,0.70548,0.673,-0.03247999999999995,0,6101,0.5,1.0,0.5,0,6101,5e-06,0.0159,0.015895,0,6101,-5e-06,0.0159,0.015905000000000002,0,6101,0.01559,0.023744,0.008154000000000002,0,6000,0.029767,0.028337,-0.0014299999999999972,0,6000,0.015586,0.004359,-0.011227,0,6000,0.029772,0.009168,-0.020603999999999997,0,6000,,,,,,
