experiment,phase,step_range,n,l_dpo,implicit_acc,win_gap,lose_gap,mse_w,ref_mse_w,mse_l,ref_mse_l,loser_dominant_ratio,lose_minus_win_gap
DiffDPO_loss,first_20pct,1-1800,7,0.09987085714285714,0.9129464285714286,0.11511628571428571,0.17719214285714285,0.206482,0.09136614285714285,0.2710822857142857,0.09388985714285715,0.9376622857142857,0.06207585714285713
DiffDPO_loss,last_20pct,8100-9900,7,0.00018257142857142856,1.0,0.846902,1.0611447142857142,0.8617555714285714,0.014853714285714286,1.0749595714285716,0.013815142857142857,1.0,0.21424271428571431
DiffDPO_no_lose_gap,first_20pct,1-1800,7,0.6914372857142858,0.994642857142857,-0.0006858571428571428,0.0019532857142857143,0.029212142857142857,0.029897714285714284,0.16262200000000002,0.16066842857142857,0.569236,0.0026391428571428573
DiffDPO_no_lose_gap,last_20pct,8100-9900,7,0.6916488571428572,1.0,-0.0006001428571428571,0.00133,0.009949,0.010549285714285714,0.05176614285714286,0.05043614285714285,0.5964285714285714,0.001930142857142857
VideoDPO_open_source,first_20pct,0-1999,2000,1.2084378329999999,0.5276523460000001,0.00024339149999999998,0.00031227249999999995,0.05713580150000001,0.056892412499999996,0.055940882000000004,0.0556285985,0.736759015,6.8881e-05
VideoDPO_open_source,last_20pct,8000-9999,2000,1.1414248754999998,0.6875820345,0.0026343255,0.0034208550000000004,0.061086307,0.058451995,0.0572123375,0.0537914655,0.9920391080000001,0.0007865295000000001
VideoDPO_on_VideoInpainting_data,first_20pct,0-1220,1221,0.23077581650797524,0.9044149598689598,0.0015560366588042588,0.004270178435708436,0.061022599999999996,0.0597228,0.1008914,0.0978282,0.9333334000000001,0.0027141417769041766
VideoDPO_on_VideoInpainting_data,last_20pct,4881-6101,1221,0.1696401945161494,0.959838656838657,0.012828699426699426,0.02372982063882064,0.01797625,0.0027660000000000002,0.09979724999999999,0.07821950000000001,1.0,0.010901121212121213
