milestone	status	details
A_loser_dominant_forensic	VOID_LOSER_DOMINANT_CONFIRMED	margin_end=0.0010655783116817474;loser_share=0.9318659343655935;winner_gap=7.260218262672424e-05;loser_gap=-0.0009929761290550232;mask_delta=-0.22987799889405647;boundary_delta=-0.06303431007626781;outside_delta=0.043421852091388935
