{
  "pair_id": "phaseA_scale1_pair001_outer2_corrected_outer_control_seed20260619_gpus2456",
  "status": "PAIR001_PARETO_MIXED",
  "candidates": [
    {
      "name": "candidate_scale1_outer2_b075",
      "psnr_delta": 0.010255203197266098,
      "vfid_delta": -0.007272417032572864,
      "tc_delta": 0.0002810117472773488,
      "boundary_psnr_delta": -0.021842276589692913,
      "lpips_delta": 0.00013950280786957647,
      "ewarp_delta": 0.008660374391499914
    }
  ]
}
