label,videos,psnr,ssim,strict_mask_psnr,boundary_psnr,lpips,ewarp
sft,10,29.618218494336645,0.9619864098836558,18.320434405860915,24.27345384289532,0.022039406771849217,8.372417341350861
exp11,10,29.829309009505046,0.9632567489109357,18.53152492102931,24.657500930053263,0.020655502001560914,8.330729508610522
exp19b,10,29.829469574150846,0.963256576300123,18.53168548567511,24.65737186991543,0.02065454618714284,8.330524570065672
lambda000,10,29.82903089831147,0.9632545708334112,18.531246809835736,24.657455981274417,0.020652688427556617,8.330643804662902
lambda005,10,29.829262387107455,0.9632553073189378,18.531478298631715,24.65750701301906,0.02065182953471473,8.330689527539779
lambda010,10,29.829166286133926,0.9632556947201666,18.531382197658193,24.657439135145403,0.020651046612571614,8.330800682913672
lambda020,10,29.82936848875399,0.9632571085988821,18.531584400278252,24.65735680689395,0.020652278486522846,8.330674765064666
